{
  "elapsed_time": 106.6604646679989,
  "distance_meters": 725.3484019602107,
  "energy_kwh": 0.003,
  "tasks_unlocked": [
    "Google Search"
  ]
}