{
  "elapsed_time": 59.076196162001,
  "distance_meters": 307.4465262050177,
  "energy_kwh": 0.0007,
  "tasks_unlocked": []
}