{
  "elapsed_time": 19.502789639000184,
  "distance_meters": 221.1890270660464,
  "energy_kwh": 0.0024,
  "tasks_unlocked": [
    "Google Search"
  ]
}