{
  "elapsed_time": 149.80231936500059,
  "distance_meters": 670.5668872339335,
  "energy_kwh": 0.0023,
  "tasks_unlocked": [
    "Google Search"
  ]
}