{
  "elapsed_time": 45.10898748600084,
  "distance_meters": 441.44007674666284,
  "energy_kwh": 0.0033,
  "tasks_unlocked": [
    "Google Search"
  ]
}