{
  "elapsed_time": 12.074662167000497,
  "distance_meters": 76.14000968812078,
  "energy_kwh": 0.0002,
  "tasks_unlocked": []
}