{
  "elapsed_time": 189.40650033600105,
  "distance_meters": 526.3376539513233,
  "energy_kwh": 0.0032,
  "tasks_unlocked": [
    "Google Search"
  ]
}