{
  "elapsed_time": 214.3650450709997,
  "distance_meters": 758.1359405352848,
  "energy_kwh": 0.0033,
  "tasks_unlocked": [
    "Google Search"
  ]
}