{
  "elapsed_time": 65.04732137800056,
  "distance_meters": 296.08288889075016,
  "energy_kwh": 0.0011,
  "tasks_unlocked": []
}