{
  "elapsed_time": 128.55195908299993,
  "distance_meters": 298.1567863594785,
  "energy_kwh": 0.0004,
  "tasks_unlocked": []
}