{
  "elapsed_time": 14.293267523000168,
  "distance_meters": 4.32433956988023,
  "energy_kwh": 0.0,
  "tasks_unlocked": []
}