{
  "elapsed_time": 81.04103417799888,
  "distance_meters": 228.1124701581354,
  "energy_kwh": 0.0015,
  "tasks_unlocked": []
}