{
  "elapsed_time": 47.102222726000036,
  "distance_meters": 189.81661693659044,
  "energy_kwh": 0.0009,
  "tasks_unlocked": []
}