{
  "elapsed_time": 19.142700999000226,
  "distance_meters": 65.30451114313047,
  "energy_kwh": 0.0005,
  "tasks_unlocked": []
}