{
  "elapsed_time": 181.5927058160014,
  "distance_meters": 1050.5907577520943,
  "energy_kwh": 0.0044,
  "tasks_unlocked": [
    "Google Search",
    "Image/Sound Recognition"
  ]
}