{
  "elapsed_time": 206.8765786340009,
  "distance_meters": 1055.6986544777776,
  "energy_kwh": 0.0031,
  "tasks_unlocked": [
    "Google Search"
  ]
}