{
  "elapsed_time": 83.01308508699731,
  "distance_meters": 166.04077721662352,
  "energy_kwh": 0.0006,
  "tasks_unlocked": []
}