{
  "elapsed_time": 126.56377232200066,
  "distance_meters": 217.5315885169176,
  "energy_kwh": 0.0009,
  "tasks_unlocked": []
}