{
  "elapsed_time": 117.07235328599927,
  "distance_meters": 286.47107418618253,
  "energy_kwh": 0.0011,
  "tasks_unlocked": []
}