{
  "elapsed_time": 80.37531652899997,
  "distance_meters": 695.6199697995049,
  "energy_kwh": 0.0035,
  "tasks_unlocked": [
    "Google Search"
  ]
}