{
  "elapsed_time": 43.551300743001775,
  "distance_meters": 112.70680827074686,
  "energy_kwh": 0.0004,
  "tasks_unlocked": []
}