{
  "elapsed_time": 38.1039447539988,
  "distance_meters": 306.3427740349716,
  "energy_kwh": 0.0013,
  "tasks_unlocked": []
}