{
  "elapsed_time": 87.30174812099722,
  "distance_meters": 178.6462940643806,
  "energy_kwh": 0.0023,
  "tasks_unlocked": [
    "Google Search"
  ]
}