{
  "elapsed_time": 23.13425083799848,
  "distance_meters": 222.1570597665669,
  "energy_kwh": 0.0011,
  "tasks_unlocked": []
}