{
  "elapsed_time": 169.63780860400038,
  "distance_meters": 465.22948066117567,
  "energy_kwh": 0.0014,
  "tasks_unlocked": []
}