{
  "elapsed_time": 269.1570716039969,
  "distance_meters": 1000.4602092670856,
  "energy_kwh": 0.004,
  "tasks_unlocked": [
    "Google Search"
  ]
}