{
  "elapsed_time": 93.61855950999961,
  "distance_meters": 256.28479120017374,
  "energy_kwh": 0.0011,
  "tasks_unlocked": []
}