{
  "elapsed_time": 144.18384258300102,
  "distance_meters": 1087.8833070037028,
  "energy_kwh": 0.0041,
  "tasks_unlocked": [
    "Google Search",
    "Image/Sound Recognition"
  ]
}