{
  "elapsed_time": 262.3862034090016,
  "distance_meters": 1101.5758486532088,
  "energy_kwh": 0.0026,
  "tasks_unlocked": [
    "Google Search"
  ]
}