{
  "elapsed_time": 26.770659545999933,
  "distance_meters": 104.6330916872194,
  "energy_kwh": 0.0003,
  "tasks_unlocked": []
}