{
  "elapsed_time": 35.27882479999971,
  "distance_meters": 231.99536127078704,
  "energy_kwh": 0.0007,
  "tasks_unlocked": []
}