{
  "elapsed_time": 27.00579738599845,
  "distance_meters": 108.59715535921931,
  "energy_kwh": 0.0007,
  "tasks_unlocked": []
}