{
  "elapsed_time": 11.088662818001467,
  "distance_meters": 54.49892181296942,
  "energy_kwh": 0.0001,
  "tasks_unlocked": []
}