{
  "elapsed_time": 171.55840837600044,
  "distance_meters": 845.8311117583555,
  "energy_kwh": 0.0021,
  "tasks_unlocked": [
    "Google Search"
  ]
}