{
  "elapsed_time": 112.08989509099774,
  "distance_meters": 467.15806392770935,
  "energy_kwh": 0.0016,
  "tasks_unlocked": []
}