{
  "elapsed_time": 92.16987132400027,
  "distance_meters": 426.0491797423777,
  "energy_kwh": 0.001,
  "tasks_unlocked": []
}