{
  "elapsed_time": 198.86635219600066,
  "distance_meters": 1081.7937965564267,
  "energy_kwh": 0.0041,
  "tasks_unlocked": [
    "Google Search",
    "Image/Sound Recognition"
  ]
}