{
  "elapsed_time": 38.63662221800041,
  "distance_meters": 210.91236138090832,
  "energy_kwh": 0.0033,
  "tasks_unlocked": [
    "Google Search"
  ]
}