{
  "elapsed_time": 72.26360913100143,
  "distance_meters": 286.30962175427334,
  "energy_kwh": 0.0017,
  "tasks_unlocked": []
}