{
  "elapsed_time": 49.52758579500005,
  "distance_meters": 350.14231703307377,
  "energy_kwh": 0.0012,
  "tasks_unlocked": []
}