{
  "elapsed_time": 69.34260003599957,
  "distance_meters": 267.36435474742916,
  "energy_kwh": 0.001,
  "tasks_unlocked": []
}