{
  "elapsed_time": 5.850057535000815,
  "distance_meters": 34.40537965490359,
  "energy_kwh": 0.0003,
  "tasks_unlocked": []
}