{
  "elapsed_time": 109.73063353900034,
  "distance_meters": 374.4232234781233,
  "energy_kwh": 0.0005,
  "tasks_unlocked": []
}