{
  "elapsed_time": 19.12266085900046,
  "distance_meters": 122.8153087065833,
  "energy_kwh": 0.0005,
  "tasks_unlocked": []
}