{
  "elapsed_time": 98.83921171600014,
  "distance_meters": 201.01863100744714,
  "energy_kwh": 0.0005,
  "tasks_unlocked": []
}