{
  "elapsed_time": 68.5082478660006,
  "distance_meters": 202.47506728738833,
  "energy_kwh": 0.0009,
  "tasks_unlocked": []
}