{
  "elapsed_time": 113.11594676299865,
  "distance_meters": 436.7441627918277,
  "energy_kwh": 0.0016,
  "tasks_unlocked": []
}