{
  "elapsed_time": 201.28893267500098,
  "distance_meters": 1071.0205502990027,
  "energy_kwh": 0.0041,
  "tasks_unlocked": [
    "Google Search",
    "Image/Sound Recognition"
  ]
}