{
  "elapsed_time": 164.60784121300003,
  "distance_meters": 765.2786446460989,
  "energy_kwh": 0.0033,
  "tasks_unlocked": [
    "Google Search"
  ]
}