{
  "elapsed_time": 44.12247967600342,
  "distance_meters": 251.10071356401556,
  "energy_kwh": 0.0004,
  "tasks_unlocked": []
}