{
  "elapsed_time": 153.45494788700125,
  "distance_meters": 639.2119152147956,
  "energy_kwh": 0.0015,
  "tasks_unlocked": []
}