{
  "elapsed_time": 62.822032363000005,
  "distance_meters": 312.7229249262102,
  "energy_kwh": 0.0013,
  "tasks_unlocked": []
}