{
  "elapsed_time": 100.95552303500062,
  "distance_meters": 239.5082901355403,
  "energy_kwh": 0.0034,
  "tasks_unlocked": [
    "Google Search"
  ]
}