{
  "elapsed_time": 39.8535720990003,
  "distance_meters": 163.26005012486843,
  "energy_kwh": 0.0004,
  "tasks_unlocked": []
}