{
  "elapsed_time": 79.54254318400126,
  "distance_meters": 71.3072662395294,
  "energy_kwh": 0.0001,
  "tasks_unlocked": []
}