{
  "elapsed_time": 159.42099908300042,
  "distance_meters": 717.0946544157013,
  "energy_kwh": 0.0021,
  "tasks_unlocked": [
    "Google Search"
  ]
}