{
  "elapsed_time": 83.92591172500033,
  "distance_meters": 87.08323907636976,
  "energy_kwh": 0.0004,
  "tasks_unlocked": []
}