{
  "elapsed_time": 131.60530434700013,
  "distance_meters": 369.29471425519694,
  "energy_kwh": 0.0013,
  "tasks_unlocked": []
}