{
  "elapsed_time": 51.334178092,
  "distance_meters": 410.00754762041106,
  "energy_kwh": 0.0015,
  "tasks_unlocked": []
}