{
  "elapsed_time": 62.4535967920001,
  "distance_meters": 559.02277792919,
  "energy_kwh": 0.0033,
  "tasks_unlocked": [
    "Google Search"
  ]
}