{
  "elapsed_time": 19.953554310000072,
  "distance_meters": 89.0095920664998,
  "energy_kwh": 0.0003,
  "tasks_unlocked": []
}