{
  "elapsed_time": 504.2105486010005,
  "distance_meters": 1858.4644530657117,
  "energy_kwh": 0.0057,
  "tasks_unlocked": [
    "Google Search",
    "Image/Sound Recognition"
  ]
}