{
  "elapsed_time": 13.087332537001203,
  "distance_meters": 37.35551693821601,
  "energy_kwh": 0.0002,
  "tasks_unlocked": []
}