{
  "elapsed_time": 135.8540661650004,
  "distance_meters": 368.54041414950683,
  "energy_kwh": 0.0008,
  "tasks_unlocked": []
}