{
  "elapsed_time": 29.424271051997493,
  "distance_meters": 176.94108668774828,
  "energy_kwh": 0.0013,
  "tasks_unlocked": []
}