{
  "elapsed_time": 160.3866590509997,
  "distance_meters": 585.9621867086574,
  "energy_kwh": 0.001,
  "tasks_unlocked": []
}