{
  "elapsed_time": 102.1503568879998,
  "distance_meters": 193.98044408517808,
  "energy_kwh": 0.0004,
  "tasks_unlocked": []
}