{
  "elapsed_time": 148.5578001790018,
  "distance_meters": 685.2391433769295,
  "energy_kwh": 0.0021,
  "tasks_unlocked": [
    "Google Search"
  ]
}