{
  "elapsed_time": 83.72179653,
  "distance_meters": 144.83964654007997,
  "energy_kwh": 0.0007,
  "tasks_unlocked": []
}