{
  "elapsed_time": 10.090332529001898,
  "distance_meters": 60.89987153939171,
  "energy_kwh": 0.0006,
  "tasks_unlocked": []
}