{
  "elapsed_time": 77.48651112100197,
  "distance_meters": 483.8815019252759,
  "energy_kwh": 0.0032,
  "tasks_unlocked": [
    "Google Search"
  ]
}