{
  "elapsed_time": 22.568417374001,
  "distance_meters": 89.70626279293218,
  "energy_kwh": 0.0003,
  "tasks_unlocked": []
}