{
  "elapsed_time": 9.2764367819982,
  "distance_meters": 99.69951379865944,
  "energy_kwh": 0.0006,
  "tasks_unlocked": []
}