{
  "elapsed_time": 141.8903126840014,
  "distance_meters": 914.6316524536883,
  "energy_kwh": 0.0026,
  "tasks_unlocked": [
    "Google Search"
  ]
}