{
  "elapsed_time": 38.88981907099878,
  "distance_meters": 249.05828841444352,
  "energy_kwh": 0.0008,
  "tasks_unlocked": []
}