{
  "elapsed_time": 134.26840204400105,
  "distance_meters": 332.9937462190131,
  "energy_kwh": 0.0024,
  "tasks_unlocked": [
    "Google Search"
  ]
}