{
  "elapsed_time": 210.4556235660002,
  "distance_meters": 1429.2194569981118,
  "energy_kwh": 0.0041,
  "tasks_unlocked": [
    "Google Search",
    "Image/Sound Recognition"
  ]
}