{
  "elapsed_time": 152.13067246500214,
  "distance_meters": 1164.1498530699741,
  "energy_kwh": 0.0036,
  "tasks_unlocked": [
    "Google Search"
  ]
}