{
  "elapsed_time": 16.686615511,
  "distance_meters": 24.60554323388001,
  "energy_kwh": 0.0002,
  "tasks_unlocked": []
}