{
  "elapsed_time": 85.298429597,
  "distance_meters": 140.36661194568117,
  "energy_kwh": 0.0004,
  "tasks_unlocked": []
}