{
  "elapsed_time": 327.4232130600003,
  "distance_meters": 1279.2544191273723,
  "energy_kwh": 0.0042,
  "tasks_unlocked": [
    "Google Search",
    "Image/Sound Recognition"
  ]
}