{
  "elapsed_time": 128.01670870700036,
  "distance_meters": 518.828525288567,
  "energy_kwh": 0.0018,
  "tasks_unlocked": []
}