{
  "elapsed_time": 234.39571774499927,
  "distance_meters": 1203.9192563957658,
  "energy_kwh": 0.0047,
  "tasks_unlocked": [
    "Google Search",
    "Image/Sound Recognition"
  ]
}