{
  "elapsed_time": 54.376568198000314,
  "distance_meters": 161.73899783135388,
  "energy_kwh": 0.0003,
  "tasks_unlocked": []
}