{
  "elapsed_time": 12.90561089699986,
  "distance_meters": 75.49400107372557,
  "energy_kwh": 0.0002,
  "tasks_unlocked": []
}