{
  "elapsed_time": 207.09371272799763,
  "distance_meters": 438.086462296431,
  "energy_kwh": 0.0011,
  "tasks_unlocked": []
}