{
  "elapsed_time": 15.083539220999228,
  "distance_meters": 93.34319777137064,
  "energy_kwh": 0.0002,
  "tasks_unlocked": []
}