{
  "elapsed_time": 136.24466845700044,
  "distance_meters": 1100.3336353766115,
  "energy_kwh": 0.0043,
  "tasks_unlocked": [
    "Google Search",
    "Image/Sound Recognition"
  ]
}