{
  "elapsed_time": 33.21493851699779,
  "distance_meters": 214.2198334277464,
  "energy_kwh": 0.0015,
  "tasks_unlocked": []
}