{
  "elapsed_time": 213.95461977200102,
  "distance_meters": 995.5722650101476,
  "energy_kwh": 0.0037,
  "tasks_unlocked": [
    "Google Search"
  ]
}