{
  "elapsed_time": 57.42251094099993,
  "distance_meters": 400.054903393361,
  "energy_kwh": 0.0014,
  "tasks_unlocked": []
}