{
  "elapsed_time": 118.76724921299956,
  "distance_meters": 291.4109507250588,
  "energy_kwh": 0.0007,
  "tasks_unlocked": []
}