{
  "elapsed_time": 48.9024689959997,
  "distance_meters": 224.89388895352036,
  "energy_kwh": 0.0004,
  "tasks_unlocked": []
}