{
  "elapsed_time": 51.727286130000266,
  "distance_meters": 304.3366974958186,
  "energy_kwh": 0.0008,
  "tasks_unlocked": []
}