{
  "elapsed_time": 50.34103629100082,
  "distance_meters": 452.41049642102314,
  "energy_kwh": 0.002,
  "tasks_unlocked": []
}