{
  "elapsed_time": 315.3783595189998,
  "distance_meters": 1566.4193535856643,
  "energy_kwh": 0.0047,
  "tasks_unlocked": [
    "Google Search",
    "Image/Sound Recognition"
  ]
}