{
  "elapsed_time": 115.24605068099982,
  "distance_meters": 195.55583445050158,
  "energy_kwh": 0.0003,
  "tasks_unlocked": []
}