{
  "elapsed_time": 278.8221879900011,
  "distance_meters": 1257.5370191253714,
  "energy_kwh": 0.0043,
  "tasks_unlocked": [
    "Google Search",
    "Image/Sound Recognition"
  ]
}