{
  "elapsed_time": 69.2360407519991,
  "distance_meters": 181.13569695807942,
  "energy_kwh": 0.0009,
  "tasks_unlocked": []
}