{
  "elapsed_time": 158.05319181699815,
  "distance_meters": 457.71385676812093,
  "energy_kwh": 0.0008,
  "tasks_unlocked": []
}