{
  "elapsed_time": 70.68609335800102,
  "distance_meters": 98.79649049411039,
  "energy_kwh": 0.0005,
  "tasks_unlocked": []
}