{
  "elapsed_time": 371.45965880600033,
  "distance_meters": 1962.3992407890973,
  "energy_kwh": 0.0043,
  "tasks_unlocked": [
    "Google Search",
    "Image/Sound Recognition"
  ]
}