{
  "elapsed_time": 59.38437606000298,
  "distance_meters": 87.33559448823087,
  "energy_kwh": 0.0001,
  "tasks_unlocked": []
}