{
  "elapsed_time": 44.12969584000166,
  "distance_meters": 342.20713749374346,
  "energy_kwh": 0.0011,
  "tasks_unlocked": []
}