{
  "elapsed_time": 91.3583538640014,
  "distance_meters": 287.8505705951748,
  "energy_kwh": 0.0014,
  "tasks_unlocked": []
}