{
  "elapsed_time": 15.500221582999075,
  "distance_meters": 99.54185915277091,
  "energy_kwh": 0.0004,
  "tasks_unlocked": []
}