{
  "elapsed_time": 14.471017344999382,
  "distance_meters": 4.758321875130177,
  "energy_kwh": 0.0,
  "tasks_unlocked": []
}