{
  "elapsed_time": 163.54664229300033,
  "distance_meters": 647.1448013057014,
  "energy_kwh": 0.0024,
  "tasks_unlocked": [
    "Google Search"
  ]
}