{
  "elapsed_time": 66.22281879300135,
  "distance_meters": 349.48259706938035,
  "energy_kwh": 0.0023,
  "tasks_unlocked": [
    "Google Search"
  ]
}