{
  "elapsed_time": 33.633771450000495,
  "distance_meters": 278.38492830588353,
  "energy_kwh": 0.0011,
  "tasks_unlocked": []
}