{
  "elapsed_time": 7.445276565000313,
  "distance_meters": 58.8594068187823,
  "energy_kwh": 0.0002,
  "tasks_unlocked": []
}