{
  "elapsed_time": 137.90216583499932,
  "distance_meters": 747.9124911718212,
  "energy_kwh": 0.0027,
  "tasks_unlocked": [
    "Google Search"
  ]
}