{
  "elapsed_time": 15.49082383700079,
  "distance_meters": 122.24533194428149,
  "energy_kwh": 0.0004,
  "tasks_unlocked": []
}