{
  "elapsed_time": 203.7497124900001,
  "distance_meters": 1104.6338357834918,
  "energy_kwh": 0.0041,
  "tasks_unlocked": [
    "Google Search",
    "Image/Sound Recognition"
  ]
}