{
  "elapsed_time": 189.57353276399954,
  "distance_meters": 711.5342033433458,
  "energy_kwh": 0.0015,
  "tasks_unlocked": []
}