{
  "elapsed_time": 71.27863197099941,
  "distance_meters": 395.2067644018169,
  "energy_kwh": 0.0018,
  "tasks_unlocked": []
}