{
  "elapsed_time": 105.23817679200147,
  "distance_meters": 260.4482517927941,
  "energy_kwh": 0.0007,
  "tasks_unlocked": []
}