{
  "elapsed_time": 309.8086110189997,
  "distance_meters": 1089.9781586065458,
  "energy_kwh": 0.0037,
  "tasks_unlocked": [
    "Google Search"
  ]
}