{
  "elapsed_time": 140.71442681900044,
  "distance_meters": 915.2535654466801,
  "energy_kwh": 0.0021,
  "tasks_unlocked": [
    "Google Search"
  ]
}