{
  "elapsed_time": 150.01372076200002,
  "distance_meters": 1269.8021568418794,
  "energy_kwh": 0.0047,
  "tasks_unlocked": [
    "Google Search",
    "Image/Sound Recognition"
  ]
}