{
  "elapsed_time": 167.68237369399867,
  "distance_meters": 821.0443475048587,
  "energy_kwh": 0.0029,
  "tasks_unlocked": [
    "Google Search"
  ]
}