{
  "elapsed_time": 140.48626857400086,
  "distance_meters": 569.2296427178047,
  "energy_kwh": 0.0022,
  "tasks_unlocked": [
    "Google Search"
  ]
}