{
  "elapsed_time": 62.212898185000086,
  "distance_meters": 698.2831404737402,
  "energy_kwh": 0.0049,
  "tasks_unlocked": [
    "Google Search",
    "Image/Sound Recognition"
  ]
}