{
  "elapsed_time": 7.061251578999872,
  "distance_meters": 38.99580852175929,
  "energy_kwh": 0.0001,
  "tasks_unlocked": []
}