{
  "elapsed_time": 128.4096204080015,
  "distance_meters": 512.119955848657,
  "energy_kwh": 0.0016,
  "tasks_unlocked": []
}