{
  "elapsed_time": 29.98338336200004,
  "distance_meters": 136.79899187502136,
  "energy_kwh": 0.0002,
  "tasks_unlocked": []
}