{
  "elapsed_time": 146.55989225099984,
  "distance_meters": 206.8095597317861,
  "energy_kwh": 0.0002,
  "tasks_unlocked": []
}