{
  "elapsed_time": 130.96033025500037,
  "distance_meters": 381.311569038141,
  "energy_kwh": 0.0007,
  "tasks_unlocked": []
}