{
  "elapsed_time": 105.07594858299944,
  "distance_meters": 337.2445414554877,
  "energy_kwh": 0.001,
  "tasks_unlocked": []
}