{
  "elapsed_time": 107.47604203499941,
  "distance_meters": 315.6379768261283,
  "energy_kwh": 0.0039,
  "tasks_unlocked": [
    "Google Search"
  ]
}