{
  "elapsed_time": 33.23165302000052,
  "distance_meters": 313.29343851156034,
  "energy_kwh": 0.0015,
  "tasks_unlocked": []
}