{
  "elapsed_time": 315.7862684240008,
  "distance_meters": 1439.0675014563892,
  "energy_kwh": 0.0043,
  "tasks_unlocked": [
    "Google Search",
    "Image/Sound Recognition"
  ]
}