{
  "elapsed_time": 60.585804002999794,
  "distance_meters": 57.287292370609826,
  "energy_kwh": 0.0002,
  "tasks_unlocked": []
}