{
  "elapsed_time": 164.99756425599844,
  "distance_meters": 953.5868817987676,
  "energy_kwh": 0.0042,
  "tasks_unlocked": [
    "Google Search",
    "Image/Sound Recognition"
  ]
}