{
  "elapsed_time": 109.29589710300206,
  "distance_meters": 473.90992890716734,
  "energy_kwh": 0.0027,
  "tasks_unlocked": [
    "Google Search"
  ]
}