{
  "elapsed_time": 129.46012804200018,
  "distance_meters": 344.6226426163639,
  "energy_kwh": 0.0022,
  "tasks_unlocked": [
    "Google Search"
  ]
}