{
  "elapsed_time": 47.28063202700001,
  "distance_meters": 226.1103745742099,
  "energy_kwh": 0.0011,
  "tasks_unlocked": []
}