{
  "elapsed_time": 50.57432612000048,
  "distance_meters": 310.6025177842514,
  "energy_kwh": 0.001,
  "tasks_unlocked": []
}