{
  "elapsed_time": 57.15648669199982,
  "distance_meters": 491.4956112867207,
  "energy_kwh": 0.0022,
  "tasks_unlocked": [
    "Google Search"
  ]
}