{
  "elapsed_time": 55.955965007000486,
  "distance_meters": 456.56369141349774,
  "energy_kwh": 0.0021,
  "tasks_unlocked": [
    "Google Search"
  ]
}