{
  "elapsed_time": 32.62835021200044,
  "distance_meters": 109.03489427947208,
  "energy_kwh": 0.0007,
  "tasks_unlocked": []
}