{
  "elapsed_time": 3.2327494559995102,
  "distance_meters": 23.063052713089622,
  "energy_kwh": 0.0001,
  "tasks_unlocked": []
}