{
  "elapsed_time": 14.305689379001706,
  "distance_meters": 73.91355189589845,
  "energy_kwh": 0.0002,
  "tasks_unlocked": []
}