{
  "elapsed_time": 225.2091214939992,
  "distance_meters": 616.5475877658832,
  "energy_kwh": 0.0011,
  "tasks_unlocked": []
}