{
  "elapsed_time": 7.647884365000209,
  "distance_meters": 47.60678498548021,
  "energy_kwh": 0.0001,
  "tasks_unlocked": []
}