{
  "elapsed_time": 22.744631384000968,
  "distance_meters": 276.555611345021,
  "energy_kwh": 0.0021,
  "tasks_unlocked": [
    "Google Search"
  ]
}