{
  "elapsed_time": 66.85332567600017,
  "distance_meters": 494.4808443152124,
  "energy_kwh": 0.002,
  "tasks_unlocked": []
}