{
  "elapsed_time": 107.23320516699914,
  "distance_meters": 228.76150366909798,
  "energy_kwh": 0.0009,
  "tasks_unlocked": []
}