{
  "elapsed_time": 80.95656388700081,
  "distance_meters": 553.2819238992669,
  "energy_kwh": 0.0017,
  "tasks_unlocked": []
}