{
  "elapsed_time": 106.48124753600041,
  "distance_meters": 716.8186099663056,
  "energy_kwh": 0.0024,
  "tasks_unlocked": [
    "Google Search"
  ]
}