{
  "elapsed_time": 138.67218834100277,
  "distance_meters": 382.49941966082355,
  "energy_kwh": 0.0019,
  "tasks_unlocked": []
}