{
  "elapsed_time": 123.14681483999993,
  "distance_meters": 612.3467872681484,
  "energy_kwh": 0.003,
  "tasks_unlocked": [
    "Google Search"
  ]
}