{
  "elapsed_time": 221.77418257300087,
  "distance_meters": 896.4638403091293,
  "energy_kwh": 0.0042,
  "tasks_unlocked": [
    "Google Search",
    "Image/Sound Recognition"
  ]
}