{
  "elapsed_time": 138.30619205100004,
  "distance_meters": 757.7160986545192,
  "energy_kwh": 0.0026,
  "tasks_unlocked": [
    "Google Search"
  ]
}