{
  "elapsed_time": 302.98933268699875,
  "distance_meters": 954.1874485794568,
  "energy_kwh": 0.0017,
  "tasks_unlocked": []
}