{
  "elapsed_time": 81.46608241899958,
  "distance_meters": 126.02867747144352,
  "energy_kwh": 0.0006,
  "tasks_unlocked": []
}