{
  "elapsed_time": 89.61251453599834,
  "distance_meters": 297.5628087069731,
  "energy_kwh": 0.0009,
  "tasks_unlocked": []
}