{
  "elapsed_time": 18.110618622000402,
  "distance_meters": 99.58098145666192,
  "energy_kwh": 0.0008,
  "tasks_unlocked": []
}