{
  "elapsed_time": 27.979723700998875,
  "distance_meters": 151.1155061974137,
  "energy_kwh": 0.0011,
  "tasks_unlocked": []
}