{
  "elapsed_time": 155.3212813350001,
  "distance_meters": 513.1293901900275,
  "energy_kwh": 0.0024,
  "tasks_unlocked": [
    "Google Search"
  ]
}