{
  "elapsed_time": 139.51976407199982,
  "distance_meters": 428.37322539607715,
  "energy_kwh": 0.0014,
  "tasks_unlocked": []
}