{
  "elapsed_time": 151.96164468400093,
  "distance_meters": 269.32391153814183,
  "energy_kwh": 0.0004,
  "tasks_unlocked": []
}