{
  "elapsed_time": 53.156402941000124,
  "distance_meters": 375.48495101878297,
  "energy_kwh": 0.0011,
  "tasks_unlocked": []
}