{
  "elapsed_time": 98.09070501899987,
  "distance_meters": 716.2426073432688,
  "energy_kwh": 0.0021,
  "tasks_unlocked": [
    "Google Search"
  ]
}