{
  "elapsed_time": 33.666284955000265,
  "distance_meters": 132.62958657770812,
  "energy_kwh": 0.0014,
  "tasks_unlocked": []
}