{
  "elapsed_time": 50.53748340400125,
  "distance_meters": 167.828538885798,
  "energy_kwh": 0.0007,
  "tasks_unlocked": []
}