{
  "elapsed_time": 25.422685927998828,
  "distance_meters": 215.52095481500444,
  "energy_kwh": 0.001,
  "tasks_unlocked": []
}