{
  "elapsed_time": 139.5441614650008,
  "distance_meters": 653.9988798929171,
  "energy_kwh": 0.0017,
  "tasks_unlocked": []
}