{
  "elapsed_time": 24.99953068400282,
  "distance_meters": 128.95870452520285,
  "energy_kwh": 0.0009,
  "tasks_unlocked": []
}