{
  "elapsed_time": 88.09598522899978,
  "distance_meters": 692.2730488964874,
  "energy_kwh": 0.0022,
  "tasks_unlocked": [
    "Google Search"
  ]
}