{
  "elapsed_time": 129.1438456019987,
  "distance_meters": 428.37613530289815,
  "energy_kwh": 0.0008,
  "tasks_unlocked": []
}