{
  "elapsed_time": 77.25725486100055,
  "distance_meters": 90.53056119929,
  "energy_kwh": 0.0002,
  "tasks_unlocked": []
}