{
  "elapsed_time": 127.97605131700038,
  "distance_meters": 324.4237356289165,
  "energy_kwh": 0.0008,
  "tasks_unlocked": []
}