{
  "elapsed_time": 136.05241090399795,
  "distance_meters": 140.9332323572729,
  "energy_kwh": 0.0005,
  "tasks_unlocked": []
}