{
  "elapsed_time": 183.64075439599947,
  "distance_meters": 964.2406145121665,
  "energy_kwh": 0.0033,
  "tasks_unlocked": [
    "Google Search"
  ]
}