{
  "elapsed_time": 80.13961932099983,
  "distance_meters": 373.9499230189693,
  "energy_kwh": 0.0013,
  "tasks_unlocked": []
}