{
  "elapsed_time": 150.5715513340001,
  "distance_meters": 237.71691026378113,
  "energy_kwh": 0.0017,
  "tasks_unlocked": []
}