{
  "elapsed_time": 45.148365815000034,
  "distance_meters": 134.3625658190336,
  "energy_kwh": 0.0004,
  "tasks_unlocked": []
}