{
  "elapsed_time": 15.697562404999985,
  "distance_meters": 60.164396421979944,
  "energy_kwh": 0.0003,
  "tasks_unlocked": []
}