{
  "elapsed_time": 17.309785819999888,
  "distance_meters": 45.06446052931079,
  "energy_kwh": 0.0,
  "tasks_unlocked": []
}