{
  "elapsed_time": 30.593121686999893,
  "distance_meters": 127.5294333286097,
  "energy_kwh": 0.0003,
  "tasks_unlocked": []
}