{
  "elapsed_time": 91.67563320100089,
  "distance_meters": 618.535756142453,
  "energy_kwh": 0.0016,
  "tasks_unlocked": []
}