{
  "elapsed_time": 17.3512624899995,
  "distance_meters": 80.19405235267028,
  "energy_kwh": 0.0014,
  "tasks_unlocked": []
}