{
  "elapsed_time": 86.03721496499975,
  "distance_meters": 114.6618677060101,
  "energy_kwh": 0.0001,
  "tasks_unlocked": []
}