{
  "elapsed_time": 95.40746067299915,
  "distance_meters": 202.48559042152303,
  "energy_kwh": 0.0006,
  "tasks_unlocked": []
}