{
  "elapsed_time": 10.863384954998764,
  "distance_meters": 78.37166315310081,
  "energy_kwh": 0.0002,
  "tasks_unlocked": []
}