{
  "elapsed_time": 128.35680713300007,
  "distance_meters": 576.2501223233709,
  "energy_kwh": 0.0023,
  "tasks_unlocked": [
    "Google Search"
  ]
}