{
  "elapsed_time": 68.12003090199869,
  "distance_meters": 257.3233719135607,
  "energy_kwh": 0.0012,
  "tasks_unlocked": []
}