{
  "elapsed_time": 193.80482319600014,
  "distance_meters": 703.454592609824,
  "energy_kwh": 0.0022,
  "tasks_unlocked": [
    "Google Search"
  ]
}