{
  "elapsed_time": 155.60116979999657,
  "distance_meters": 867.5680347323109,
  "energy_kwh": 0.0039,
  "tasks_unlocked": [
    "Google Search"
  ]
}