{
  "elapsed_time": 36.23598395099907,
  "distance_meters": 349.40135622453823,
  "energy_kwh": 0.0017,
  "tasks_unlocked": []
}