{
  "elapsed_time": 97.88955592500133,
  "distance_meters": 353.64610572706204,
  "energy_kwh": 0.0023,
  "tasks_unlocked": [
    "Google Search"
  ]
}