{
  "elapsed_time": 14.893831785000657,
  "distance_meters": 72.95977123502597,
  "energy_kwh": 0.0008,
  "tasks_unlocked": []
}