{
  "elapsed_time": 113.32180187999984,
  "distance_meters": 343.4607467398244,
  "energy_kwh": 0.001,
  "tasks_unlocked": []
}