{
  "elapsed_time": 105.8802496870012,
  "distance_meters": 428.7490495211933,
  "energy_kwh": 0.0028,
  "tasks_unlocked": [
    "Google Search"
  ]
}