{
  "elapsed_time": 84.12925128300049,
  "distance_meters": 85.88692635216827,
  "energy_kwh": 0.0001,
  "tasks_unlocked": []
}