{
  "elapsed_time": 116.05821749499955,
  "distance_meters": 191.13702676429932,
  "energy_kwh": 0.0013,
  "tasks_unlocked": []
}