{
  "elapsed_time": 107.68073519400014,
  "distance_meters": 614.1617496637507,
  "energy_kwh": 0.0023,
  "tasks_unlocked": [
    "Google Search"
  ]
}