{
  "elapsed_time": 16.538777129000664,
  "distance_meters": 65.41543317791347,
  "energy_kwh": 0.0002,
  "tasks_unlocked": []
}