{
  "elapsed_time": 118.45703207099905,
  "distance_meters": 310.1926523364577,
  "energy_kwh": 0.0005,
  "tasks_unlocked": []
}