{
  "elapsed_time": 296.3290339819996,
  "distance_meters": 1104.8418574243683,
  "energy_kwh": 0.0021,
  "tasks_unlocked": [
    "Google Search"
  ]
}