{
  "elapsed_time": 48.56714107299922,
  "distance_meters": 131.80243343964267,
  "energy_kwh": 0.0003,
  "tasks_unlocked": []
}