{
  "elapsed_time": 22.530041205998714,
  "distance_meters": 134.53862866267272,
  "energy_kwh": 0.0007,
  "tasks_unlocked": []
}