{
  "elapsed_time": 171.93473303599967,
  "distance_meters": 889.5695902183643,
  "energy_kwh": 0.0032,
  "tasks_unlocked": [
    "Google Search"
  ]
}