{
  "elapsed_time": 85.13602627699947,
  "distance_meters": 545.6262885280248,
  "energy_kwh": 0.0016,
  "tasks_unlocked": []
}