{
  "elapsed_time": 132.6358335169998,
  "distance_meters": 467.3096935574907,
  "energy_kwh": 0.0011,
  "tasks_unlocked": []
}