{
  "elapsed_time": 20.78054961399903,
  "distance_meters": 8.028730191976791,
  "energy_kwh": 0.0,
  "tasks_unlocked": []
}