{
  "elapsed_time": 2.616026868001427,
  "distance_meters": 12.665374937553517,
  "energy_kwh": 0.0,
  "tasks_unlocked": []
}