{
  "elapsed_time": 83.98626821298967,
  "distance_meters": 30.73969862363898,
  "energy_kwh": 0.0,
  "tasks_unlocked": []
}