{
  "elapsed_time": 94.42052800400052,
  "distance_meters": 202.27736730229978,
  "energy_kwh": 0.0004,
  "tasks_unlocked": []
}