{
  "elapsed_time": 76.29032014800032,
  "distance_meters": 435.06805833232255,
  "energy_kwh": 0.0011,
  "tasks_unlocked": []
}