{
  "elapsed_time": 268.9559755369992,
  "distance_meters": 1603.4222178040259,
  "energy_kwh": 0.0056,
  "tasks_unlocked": [
    "Google Search",
    "Image/Sound Recognition"
  ]
}