{
  "elapsed_time": 45.095253519000835,
  "distance_meters": 110.12936678091386,
  "energy_kwh": 0.0001,
  "tasks_unlocked": []
}