{
  "elapsed_time": 72.36007494100068,
  "distance_meters": 52.40056282056147,
  "energy_kwh": 0.0005,
  "tasks_unlocked": []
}