{
  "elapsed_time": 118.58658901400031,
  "distance_meters": 222.04775075255924,
  "energy_kwh": 0.0017,
  "tasks_unlocked": []
}