{
  "elapsed_time": 5.234070482998504,
  "distance_meters": 9.239780787350865,
  "energy_kwh": 0.0,
  "tasks_unlocked": []
}