{
  "elapsed_time": 42.87946404500326,
  "distance_meters": 191.05850413355455,
  "energy_kwh": 0.0012,
  "tasks_unlocked": []
}