{
  "elapsed_time": 8.672899266999593,
  "distance_meters": 29.83199136513562,
  "energy_kwh": 0.0,
  "tasks_unlocked": []
}