{
  "elapsed_time": 64.83009728099933,
  "distance_meters": 406.7598301761854,
  "energy_kwh": 0.0008,
  "tasks_unlocked": []
}