{
  "elapsed_time": 45.108159929000976,
  "distance_meters": 255.84057705156155,
  "energy_kwh": 0.0005,
  "tasks_unlocked": []
}