{
  "elapsed_time": 115.74098284699903,
  "distance_meters": 188.09937119334322,
  "energy_kwh": 0.0003,
  "tasks_unlocked": []
}