{
  "elapsed_time": 19.337573651999264,
  "distance_meters": 134.072702808977,
  "energy_kwh": 0.0008,
  "tasks_unlocked": []
}