{
  "elapsed_time": 22.36335811800018,
  "distance_meters": 118.77515269250883,
  "energy_kwh": 0.0002,
  "tasks_unlocked": []
}