{
  "elapsed_time": 86.74799486799748,
  "distance_meters": 151.71865164368077,
  "energy_kwh": 0.0003,
  "tasks_unlocked": []
}