{
  "elapsed_time": 95.21398861999842,
  "distance_meters": 175.8414587687554,
  "energy_kwh": 0.0003,
  "tasks_unlocked": []
}