{
  "elapsed_time": 102.06100624800092,
  "distance_meters": 624.5767279014274,
  "energy_kwh": 0.0019,
  "tasks_unlocked": []
}