{
  "elapsed_time": 40.86479138899995,
  "distance_meters": 291.9356749409914,
  "energy_kwh": 0.0013,
  "tasks_unlocked": []
}