{
  "elapsed_time": 50.37698407300013,
  "distance_meters": 282.9884791750234,
  "energy_kwh": 0.0015,
  "tasks_unlocked": []
}