{
  "elapsed_time": 34.060151098999995,
  "distance_meters": 252.06446668537856,
  "energy_kwh": 0.0013,
  "tasks_unlocked": []
}