{
  "elapsed_time": 14.502947425000457,
  "distance_meters": 58.36326621976423,
  "energy_kwh": 0.0002,
  "tasks_unlocked": []
}