{
  "elapsed_time": 7.640367493000667,
  "distance_meters": 12.65020747147879,
  "energy_kwh": 0.0,
  "tasks_unlocked": []
}