{
  "elapsed_time": 121.58653899199999,
  "distance_meters": 1017.4212735824805,
  "energy_kwh": 0.0043,
  "tasks_unlocked": [
    "Google Search",
    "Image/Sound Recognition"
  ]
}