{
  "elapsed_time": 28.812824521999573,
  "distance_meters": 156.18406528878756,
  "energy_kwh": 0.0004,
  "tasks_unlocked": []
}