{
  "elapsed_time": 128.78244709000046,
  "distance_meters": 518.2808754621575,
  "energy_kwh": 0.0033,
  "tasks_unlocked": [
    "Google Search"
  ]
}