{
  "elapsed_time": 34.6229352909977,
  "distance_meters": 232.66336335502567,
  "energy_kwh": 0.0008,
  "tasks_unlocked": []
}