{
  "elapsed_time": 198.03929166300077,
  "distance_meters": 642.2312386391842,
  "energy_kwh": 0.0024,
  "tasks_unlocked": [
    "Google Search"
  ]
}