{
  "elapsed_time": 55.5480060009977,
  "distance_meters": 168.18328683629397,
  "energy_kwh": 0.0007,
  "tasks_unlocked": []
}