{
  "elapsed_time": 69.4738214049994,
  "distance_meters": 503.055290356913,
  "energy_kwh": 0.0025,
  "tasks_unlocked": [
    "Google Search"
  ]
}