{
  "elapsed_time": 149.97863698999936,
  "distance_meters": 503.6369829521422,
  "energy_kwh": 0.0032,
  "tasks_unlocked": [
    "Google Search"
  ]
}