{
  "elapsed_time": 71.67895987099837,
  "distance_meters": 335.94408465463465,
  "energy_kwh": 0.0016,
  "tasks_unlocked": []
}