{
  "elapsed_time": 120.00629532199991,
  "distance_meters": 334.46332549911216,
  "energy_kwh": 0.0024,
  "tasks_unlocked": [
    "Google Search"
  ]
}