{
  "elapsed_time": 50.34362838599918,
  "distance_meters": 459.14848373813805,
  "energy_kwh": 0.0022,
  "tasks_unlocked": [
    "Google Search"
  ]
}