{
  "elapsed_time": 248.06856200699985,
  "distance_meters": 1224.0756302283694,
  "energy_kwh": 0.0038,
  "tasks_unlocked": [
    "Google Search"
  ]
}