{
  "elapsed_time": 136.49810736499967,
  "distance_meters": 540.23178671941,
  "energy_kwh": 0.0014,
  "tasks_unlocked": []
}