{
  "elapsed_time": 151.1311989909991,
  "distance_meters": 1160.3464531917734,
  "energy_kwh": 0.0049,
  "tasks_unlocked": [
    "Google Search",
    "Image/Sound Recognition"
  ]
}