{
  "elapsed_time": 99.31500544699998,
  "distance_meters": 193.2914599173898,
  "energy_kwh": 0.0012,
  "tasks_unlocked": []
}