{
  "elapsed_time": 45.92148267399898,
  "distance_meters": 205.904164581062,
  "energy_kwh": 0.0012,
  "tasks_unlocked": []
}