{
  "elapsed_time": 57.75312808200033,
  "distance_meters": 265.1854268281596,
  "energy_kwh": 0.0021,
  "tasks_unlocked": [
    "Google Search"
  ]
}