{
  "elapsed_time": 31.00297533899993,
  "distance_meters": 249.04490930032472,
  "energy_kwh": 0.0013,
  "tasks_unlocked": []
}