{
  "elapsed_time": 166.46491464600012,
  "distance_meters": 394.73844903017937,
  "energy_kwh": 0.0008,
  "tasks_unlocked": []
}