{
  "elapsed_time": 22.344076442000187,
  "distance_meters": 106.7187120939212,
  "energy_kwh": 0.0002,
  "tasks_unlocked": []
}