{
  "elapsed_time": 124.16985987500084,
  "distance_meters": 372.1547623164561,
  "energy_kwh": 0.0007,
  "tasks_unlocked": []
}