{
  "elapsed_time": 277.1737705310006,
  "distance_meters": 1025.121976669196,
  "energy_kwh": 0.0034,
  "tasks_unlocked": [
    "Google Search"
  ]
}