{
  "elapsed_time": 125.06153451899809,
  "distance_meters": 626.6553808223746,
  "energy_kwh": 0.0036,
  "tasks_unlocked": [
    "Google Search"
  ]
}