{
  "elapsed_time": 171.08500958700097,
  "distance_meters": 790.4118647343,
  "energy_kwh": 0.0022,
  "tasks_unlocked": [
    "Google Search"
  ]
}