{
  "elapsed_time": 48.57894346300054,
  "distance_meters": 468.9874219756026,
  "energy_kwh": 0.0025,
  "tasks_unlocked": [
    "Google Search"
  ]
}