{
  "elapsed_time": 47.490455450999434,
  "distance_meters": 253.84767931391966,
  "energy_kwh": 0.0005,
  "tasks_unlocked": []
}