{
  "elapsed_time": 46.805138380001154,
  "distance_meters": 236.01440772939785,
  "energy_kwh": 0.0007,
  "tasks_unlocked": []
}