{
  "elapsed_time": 110.2761803559988,
  "distance_meters": 238.65581840463557,
  "energy_kwh": 0.001,
  "tasks_unlocked": []
}