{
  "elapsed_time": 2.431834484000319,
  "distance_meters": 21.14904134076738,
  "energy_kwh": 0.0002,
  "tasks_unlocked": []
}