{
  "elapsed_time": 52.16381749700122,
  "distance_meters": 151.82758964196006,
  "energy_kwh": 0.0012,
  "tasks_unlocked": []
}