{
  "elapsed_time": 112.60860016600054,
  "distance_meters": 688.9671298832053,
  "energy_kwh": 0.0029,
  "tasks_unlocked": [
    "Google Search"
  ]
}