{
  "elapsed_time": 216.91889383799935,
  "distance_meters": 467.79910101834923,
  "energy_kwh": 0.0037,
  "tasks_unlocked": [
    "Google Search"
  ]
}