{
  "elapsed_time": 43.3040587530013,
  "distance_meters": 262.4948504696465,
  "energy_kwh": 0.0008,
  "tasks_unlocked": []
}