{
  "elapsed_time": 90.29797494199738,
  "distance_meters": 246.48252280904342,
  "energy_kwh": 0.001,
  "tasks_unlocked": []
}