{
  "elapsed_time": 30.592278439999973,
  "distance_meters": 251.57975937234067,
  "energy_kwh": 0.0013,
  "tasks_unlocked": []
}