{
  "elapsed_time": 63.9993188389999,
  "distance_meters": 284.99146585477223,
  "energy_kwh": 0.0005,
  "tasks_unlocked": []
}