{
  "elapsed_time": 10.856254252998042,
  "distance_meters": 42.140863966501676,
  "energy_kwh": 0.0002,
  "tasks_unlocked": []
}