{
  "elapsed_time": 99.19756438699915,
  "distance_meters": 476.7674092262343,
  "energy_kwh": 0.0009,
  "tasks_unlocked": []
}