{
  "elapsed_time": 140.69901135499822,
  "distance_meters": 361.879795414901,
  "energy_kwh": 0.0004,
  "tasks_unlocked": []
}