{
  "elapsed_time": 60.99589104000188,
  "distance_meters": 273.4456895165809,
  "energy_kwh": 0.0006,
  "tasks_unlocked": []
}