{
  "elapsed_time": 67.8270250209971,
  "distance_meters": 333.0911588754814,
  "energy_kwh": 0.0011,
  "tasks_unlocked": []
}