{
  "elapsed_time": 114.85125741800039,
  "distance_meters": 164.34540850023092,
  "energy_kwh": 0.0004,
  "tasks_unlocked": []
}