{
  "elapsed_time": 183.14435085899822,
  "distance_meters": 629.6861135682889,
  "energy_kwh": 0.0024,
  "tasks_unlocked": [
    "Google Search"
  ]
}