{
  "elapsed_time": 13.677545349000866,
  "distance_meters": 105.87207717409662,
  "energy_kwh": 0.0005,
  "tasks_unlocked": []
}