{
  "elapsed_time": 11.663070000000516,
  "distance_meters": 9.234038711818249,
  "energy_kwh": 0.0,
  "tasks_unlocked": []
}