{
  "elapsed_time": 135.88781820999793,
  "distance_meters": 259.5326490706071,
  "energy_kwh": 0.0004,
  "tasks_unlocked": []
}