{
  "elapsed_time": 213.94546381100008,
  "distance_meters": 122.49445915872313,
  "energy_kwh": 0.0001,
  "tasks_unlocked": []
}