{
  "elapsed_time": 278.42611829900034,
  "distance_meters": 1136.8593180887472,
  "energy_kwh": 0.0056,
  "tasks_unlocked": [
    "Google Search",
    "Image/Sound Recognition"
  ]
}