{
  "elapsed_time": 182.14454488000047,
  "distance_meters": 762.1101557329255,
  "energy_kwh": 0.0024,
  "tasks_unlocked": [
    "Google Search"
  ]
}