{
  "elapsed_time": 179.35071969199998,
  "distance_meters": 722.9737009748399,
  "energy_kwh": 0.0019,
  "tasks_unlocked": []
}