{
  "elapsed_time": 150.3584001729996,
  "distance_meters": 240.43809381908773,
  "energy_kwh": 0.0013,
  "tasks_unlocked": []
}