{
  "elapsed_time": 100.53963102499984,
  "distance_meters": 118.87103394372767,
  "energy_kwh": 0.0005,
  "tasks_unlocked": []
}