{
  "elapsed_time": 67.82513546200062,
  "distance_meters": 462.70835614696625,
  "energy_kwh": 0.0013,
  "tasks_unlocked": []
}