{
  "elapsed_time": 89.96232858499934,
  "distance_meters": 294.37230467215625,
  "energy_kwh": 0.0017,
  "tasks_unlocked": []
}