{
  "elapsed_time": 41.07419375099926,
  "distance_meters": 415.48912443364645,
  "energy_kwh": 0.0023,
  "tasks_unlocked": [
    "Google Search"
  ]
}