{
  "elapsed_time": 107.05820139800198,
  "distance_meters": 286.6570638392512,
  "energy_kwh": 0.0019,
  "tasks_unlocked": []
}