{
  "elapsed_time": 55.58296600800168,
  "distance_meters": 269.53871269965134,
  "energy_kwh": 0.0013,
  "tasks_unlocked": []
}