{
  "elapsed_time": 156.33496374699826,
  "distance_meters": 449.510342717515,
  "energy_kwh": 0.0007,
  "tasks_unlocked": []
}