{
  "elapsed_time": 43.09606153800087,
  "distance_meters": 364.82479477486504,
  "energy_kwh": 0.0015,
  "tasks_unlocked": []
}