{
  "elapsed_time": 232.04190255900176,
  "distance_meters": 1722.6149573914668,
  "energy_kwh": 0.0052,
  "tasks_unlocked": [
    "Google Search",
    "Image/Sound Recognition"
  ]
}