{
  "elapsed_time": 46.180803252998885,
  "distance_meters": 204.20351491347915,
  "energy_kwh": 0.0017,
  "tasks_unlocked": []
}