{
  "elapsed_time": 33.87183815800017,
  "distance_meters": 361.85304673206286,
  "energy_kwh": 0.0027,
  "tasks_unlocked": [
    "Google Search"
  ]
}