{
  "elapsed_time": 66.39852249499927,
  "distance_meters": 39.65722373548444,
  "energy_kwh": 0.0001,
  "tasks_unlocked": []
}