{
  "elapsed_time": 71.51560329800122,
  "distance_meters": 440.32927914775337,
  "energy_kwh": 0.0014,
  "tasks_unlocked": []
}