{
  "elapsed_time": 99.42173898200008,
  "distance_meters": 179.96557544082057,
  "energy_kwh": 0.0006,
  "tasks_unlocked": []
}