{
  "elapsed_time": 84.2212199530004,
  "distance_meters": 406.89761747196724,
  "energy_kwh": 0.002,
  "tasks_unlocked": []
}