{
  "elapsed_time": 119.34249432899742,
  "distance_meters": 277.07174047915527,
  "energy_kwh": 0.0013,
  "tasks_unlocked": []
}