{
  "elapsed_time": 156.98664407999968,
  "distance_meters": 1042.4783644482363,
  "energy_kwh": 0.003,
  "tasks_unlocked": [
    "Google Search"
  ]
}