{
  "elapsed_time": 11.063215013997251,
  "distance_meters": 95.73127039494763,
  "energy_kwh": 0.0009,
  "tasks_unlocked": []
}