{
  "elapsed_time": 143.73180781299925,
  "distance_meters": 1084.271894399648,
  "energy_kwh": 0.0033,
  "tasks_unlocked": [
    "Google Search"
  ]
}