{
  "elapsed_time": 74.67607333700016,
  "distance_meters": 328.885955850402,
  "energy_kwh": 0.0007,
  "tasks_unlocked": []
}