{
  "elapsed_time": 233.74040773100023,
  "distance_meters": 573.6334126084195,
  "energy_kwh": 0.0014,
  "tasks_unlocked": []
}