{
  "elapsed_time": 129.6585909990008,
  "distance_meters": 580.5238603551979,
  "energy_kwh": 0.0024,
  "tasks_unlocked": [
    "Google Search"
  ]
}