{
  "elapsed_time": 78.715821288999,
  "distance_meters": 358.13634498220677,
  "energy_kwh": 0.002,
  "tasks_unlocked": []
}