{
  "elapsed_time": 25.374015029000475,
  "distance_meters": 125.13760427048189,
  "energy_kwh": 0.0002,
  "tasks_unlocked": []
}