{
  "elapsed_time": 251.5197661789971,
  "distance_meters": 1284.1515121693915,
  "energy_kwh": 0.0046,
  "tasks_unlocked": [
    "Google Search",
    "Image/Sound Recognition"
  ]
}