{
  "elapsed_time": 28.206045888000517,
  "distance_meters": 159.6600624534014,
  "energy_kwh": 0.0006,
  "tasks_unlocked": []
}