{
  "elapsed_time": 23.565851052000653,
  "distance_meters": 111.27434532874094,
  "energy_kwh": 0.001,
  "tasks_unlocked": []
}