{
  "elapsed_time": 195.028069916003,
  "distance_meters": 892.5290685910948,
  "energy_kwh": 0.0033,
  "tasks_unlocked": [
    "Google Search"
  ]
}