{
  "elapsed_time": 140.52709386800052,
  "distance_meters": 637.8752354903507,
  "energy_kwh": 0.0023,
  "tasks_unlocked": [
    "Google Search"
  ]
}