{
  "elapsed_time": 31.23120561199903,
  "distance_meters": 255.2713130203518,
  "energy_kwh": 0.0021,
  "tasks_unlocked": [
    "Google Search"
  ]
}