{
  "elapsed_time": 79.09653037600219,
  "distance_meters": 84.09142528736535,
  "energy_kwh": 0.0002,
  "tasks_unlocked": []
}