{
  "elapsed_time": 258.16229792700005,
  "distance_meters": 608.2617267443882,
  "energy_kwh": 0.0007,
  "tasks_unlocked": []
}