{
  "elapsed_time": 25.78273287400043,
  "distance_meters": 107.12923580642891,
  "energy_kwh": 0.0004,
  "tasks_unlocked": []
}