{
  "elapsed_time": 46.74100409499806,
  "distance_meters": 333.0086133287201,
  "energy_kwh": 0.0025,
  "tasks_unlocked": [
    "Google Search"
  ]
}