{
  "elapsed_time": 305.98031956699924,
  "distance_meters": 1761.890821566811,
  "energy_kwh": 0.0033,
  "tasks_unlocked": [
    "Google Search"
  ]
}