{
  "elapsed_time": 53.98296373799985,
  "distance_meters": 259.5173176463674,
  "energy_kwh": 0.0009,
  "tasks_unlocked": []
}