{
  "elapsed_time": 71.80804226300006,
  "distance_meters": 3.861010448641609,
  "energy_kwh": 0.0,
  "tasks_unlocked": []
}