{
  "elapsed_time": 163.28384576699864,
  "distance_meters": 932.4110410193927,
  "energy_kwh": 0.0047,
  "tasks_unlocked": [
    "Google Search",
    "Image/Sound Recognition"
  ]
}