{
  "elapsed_time": 76.68645351400119,
  "distance_meters": 298.6186545909103,
  "energy_kwh": 0.0007,
  "tasks_unlocked": []
}