{
  "elapsed_time": 66.19489911900018,
  "distance_meters": 335.60016188932184,
  "energy_kwh": 0.0009,
  "tasks_unlocked": []
}