{
  "elapsed_time": 206.5893705310009,
  "distance_meters": 1509.7574285366277,
  "energy_kwh": 0.0059,
  "tasks_unlocked": [
    "Google Search",
    "Image/Sound Recognition"
  ]
}