{
  "elapsed_time": 204.89766785999745,
  "distance_meters": 1073.068498029422,
  "energy_kwh": 0.0023,
  "tasks_unlocked": [
    "Google Search"
  ]
}