{
  "elapsed_time": 164.11800349899931,
  "distance_meters": 649.1655693001584,
  "energy_kwh": 0.0029,
  "tasks_unlocked": [
    "Google Search"
  ]
}