{
  "elapsed_time": 62.88330175499868,
  "distance_meters": 10.555169731730201,
  "energy_kwh": 0.0001,
  "tasks_unlocked": []
}