{
  "elapsed_time": 42.103579140000875,
  "distance_meters": 255.56306488077493,
  "energy_kwh": 0.0012,
  "tasks_unlocked": []
}