{
  "elapsed_time": 125.8509454390005,
  "distance_meters": 1022.1667565562477,
  "energy_kwh": 0.0043,
  "tasks_unlocked": [
    "Google Search",
    "Image/Sound Recognition"
  ]
}