{
  "elapsed_time": 112.5267366650005,
  "distance_meters": 340.60189995096357,
  "energy_kwh": 0.0008,
  "tasks_unlocked": []
}