{
  "elapsed_time": 68.10852381500081,
  "distance_meters": 201.68879963483602,
  "energy_kwh": 0.0008,
  "tasks_unlocked": []
}