{
  "elapsed_time": 67.37471928300147,
  "distance_meters": 262.8746973148853,
  "energy_kwh": 0.0007,
  "tasks_unlocked": []
}