{
  "elapsed_time": 13.47352587000023,
  "distance_meters": 57.83444150068817,
  "energy_kwh": 0.0001,
  "tasks_unlocked": []
}