{
  "elapsed_time": 49.72611202600092,
  "distance_meters": 386.2033766921343,
  "energy_kwh": 0.0022,
  "tasks_unlocked": [
    "Google Search"
  ]
}