{
  "elapsed_time": 79.28833071400004,
  "distance_meters": 101.73153694584308,
  "energy_kwh": 0.0002,
  "tasks_unlocked": []
}