{
  "elapsed_time": 140.29851397099992,
  "distance_meters": 1185.6593747514107,
  "energy_kwh": 0.0049,
  "tasks_unlocked": [
    "Google Search",
    "Image/Sound Recognition"
  ]
}