{
  "elapsed_time": 113.340658605,
  "distance_meters": 325.17127039419995,
  "energy_kwh": 0.0012,
  "tasks_unlocked": []
}