{
  "elapsed_time": 33.651408894998895,
  "distance_meters": 164.29649619327031,
  "energy_kwh": 0.0006,
  "tasks_unlocked": []
}