{
  "elapsed_time": 52.994734318000155,
  "distance_meters": 241.66381576492762,
  "energy_kwh": 0.0006,
  "tasks_unlocked": []
}