{
  "elapsed_time": 10.065364303999559,
  "distance_meters": 15.249656743556264,
  "energy_kwh": 0.0,
  "tasks_unlocked": []
}