{
  "elapsed_time": 22.338272883000172,
  "distance_meters": 97.4950903057602,
  "energy_kwh": 0.0003,
  "tasks_unlocked": []
}