{
  "elapsed_time": 147.5716846689993,
  "distance_meters": 668.366068311616,
  "energy_kwh": 0.0025,
  "tasks_unlocked": [
    "Google Search"
  ]
}