{
  "elapsed_time": 115.66730028299935,
  "distance_meters": 179.62038864479254,
  "energy_kwh": 0.0007,
  "tasks_unlocked": []
}