{
  "elapsed_time": 155.37181652599975,
  "distance_meters": 794.1735370299016,
  "energy_kwh": 0.0029,
  "tasks_unlocked": [
    "Google Search"
  ]
}