{
  "elapsed_time": 117.15857275400049,
  "distance_meters": 346.2415898656159,
  "energy_kwh": 0.0013,
  "tasks_unlocked": []
}