{
  "elapsed_time": 188.8842259180019,
  "distance_meters": 799.1699346725304,
  "energy_kwh": 0.0027,
  "tasks_unlocked": [
    "Google Search"
  ]
}