{
  "elapsed_time": 136.0360160320015,
  "distance_meters": 401.099602310098,
  "energy_kwh": 0.0011,
  "tasks_unlocked": []
}