{
  "elapsed_time": 71.23651284900006,
  "distance_meters": 251.37819748783943,
  "energy_kwh": 0.0013,
  "tasks_unlocked": []
}