{
  "elapsed_time": 128.67657369300014,
  "distance_meters": 855.1945445601581,
  "energy_kwh": 0.0022,
  "tasks_unlocked": [
    "Google Search"
  ]
}