{
  "elapsed_time": 65.41701488499893,
  "distance_meters": 41.3740061110804,
  "energy_kwh": 0.0002,
  "tasks_unlocked": []
}