{
  "elapsed_time": 147.3518524680003,
  "distance_meters": 744.9155711652315,
  "energy_kwh": 0.0029,
  "tasks_unlocked": [
    "Google Search"
  ]
}