{
  "elapsed_time": 101.45910511900001,
  "distance_meters": 250.00122191679094,
  "energy_kwh": 0.0005,
  "tasks_unlocked": []
}