{
  "elapsed_time": 97.82728228000087,
  "distance_meters": 205.15848877802253,
  "energy_kwh": 0.001,
  "tasks_unlocked": []
}