{
  "elapsed_time": 118.76183573600065,
  "distance_meters": 488.0417832529272,
  "energy_kwh": 0.0034,
  "tasks_unlocked": [
    "Google Search"
  ]
}