{
  "elapsed_time": 57.56823299900134,
  "distance_meters": 361.3874797903026,
  "energy_kwh": 0.0011,
  "tasks_unlocked": []
}