{
  "elapsed_time": 77.95481892399994,
  "distance_meters": 79.52336917181178,
  "energy_kwh": 0.0002,
  "tasks_unlocked": []
}