{
  "elapsed_time": 64.16695955999967,
  "distance_meters": 474.3603167852221,
  "energy_kwh": 0.0019,
  "tasks_unlocked": []
}