{
  "elapsed_time": 149.29174215799867,
  "distance_meters": 273.78619331937995,
  "energy_kwh": 0.0009,
  "tasks_unlocked": []
}