{
  "elapsed_time": 93.81661651000013,
  "distance_meters": 240.11421970494234,
  "energy_kwh": 0.0009,
  "tasks_unlocked": []
}