{
  "elapsed_time": 54.821914652002306,
  "distance_meters": 316.4179757724929,
  "energy_kwh": 0.0009,
  "tasks_unlocked": []
}