{
  "elapsed_time": 48.792468808000194,
  "distance_meters": 364.69672117229146,
  "energy_kwh": 0.0012,
  "tasks_unlocked": []
}