{
  "elapsed_time": 17.70017658999859,
  "distance_meters": 140.06425778291995,
  "energy_kwh": 0.0027,
  "tasks_unlocked": [
    "Google Search"
  ]
}