{
  "elapsed_time": 44.30015053399984,
  "distance_meters": 374.6518988916601,
  "energy_kwh": 0.0015,
  "tasks_unlocked": []
}