{
  "elapsed_time": 201.0457172839997,
  "distance_meters": 910.4367403269322,
  "energy_kwh": 0.0024,
  "tasks_unlocked": [
    "Google Search"
  ]
}