{
  "elapsed_time": 105.2226879209993,
  "distance_meters": 342.898146024292,
  "energy_kwh": 0.0006,
  "tasks_unlocked": []
}