{
  "elapsed_time": 4.855411064998407,
  "distance_meters": 54.15311894484797,
  "energy_kwh": 0.0004,
  "tasks_unlocked": []
}