{
  "elapsed_time": 79.77004334700001,
  "distance_meters": 558.5216706602506,
  "energy_kwh": 0.0023,
  "tasks_unlocked": [
    "Google Search"
  ]
}