{
  "elapsed_time": 39.05913395300013,
  "distance_meters": 195.62271324208407,
  "energy_kwh": 0.0011,
  "tasks_unlocked": []
}