{
  "elapsed_time": 62.37832798100135,
  "distance_meters": 267.6747124381834,
  "energy_kwh": 0.0006,
  "tasks_unlocked": []
}