{
  "elapsed_time": 93.38892596000005,
  "distance_meters": 16.165160468241737,
  "energy_kwh": 0.0,
  "tasks_unlocked": []
}