{
  "elapsed_time": 280.41112646199963,
  "distance_meters": 1528.4201840126602,
  "energy_kwh": 0.0042,
  "tasks_unlocked": [
    "Google Search",
    "Image/Sound Recognition"
  ]
}