{
  "elapsed_time": 142.92367471499892,
  "distance_meters": 395.1698948970847,
  "energy_kwh": 0.0011,
  "tasks_unlocked": []
}