{
  "elapsed_time": 201.44203171899971,
  "distance_meters": 1475.4338762803322,
  "energy_kwh": 0.0053,
  "tasks_unlocked": [
    "Google Search",
    "Image/Sound Recognition"
  ]
}