{
  "elapsed_time": 116.75011219299995,
  "distance_meters": 559.2337541617455,
  "energy_kwh": 0.0024,
  "tasks_unlocked": [
    "Google Search"
  ]
}