{
  "elapsed_time": 12.674667225999883,
  "distance_meters": 30.60562850744997,
  "energy_kwh": 0.0,
  "tasks_unlocked": []
}