{
  "elapsed_time": 47.907599352000034,
  "distance_meters": 465.16618977920103,
  "energy_kwh": 0.0024,
  "tasks_unlocked": [
    "Google Search"
  ]
}