{
  "elapsed_time": 57.16775005300042,
  "distance_meters": 410.82656400674307,
  "energy_kwh": 0.0012,
  "tasks_unlocked": []
}