{
  "elapsed_time": 70.06146127399916,
  "distance_meters": 11.782172153452137,
  "energy_kwh": 0.0,
  "tasks_unlocked": []
}