{
  "elapsed_time": 148.93060963699827,
  "distance_meters": 542.2818651414772,
  "energy_kwh": 0.0012,
  "tasks_unlocked": []
}