{
  "elapsed_time": 43.345819542000754,
  "distance_meters": 183.09289229930815,
  "energy_kwh": 0.0014,
  "tasks_unlocked": []
}