{
  "elapsed_time": 116.00506588599819,
  "distance_meters": 529.972682806663,
  "energy_kwh": 0.0032,
  "tasks_unlocked": [
    "Google Search"
  ]
}