{
  "elapsed_time": 212.40344800899948,
  "distance_meters": 1217.8370434898723,
  "energy_kwh": 0.0042,
  "tasks_unlocked": [
    "Google Search",
    "Image/Sound Recognition"
  ]
}