{
  "elapsed_time": 160.33050288099957,
  "distance_meters": 724.3109688681509,
  "energy_kwh": 0.0023,
  "tasks_unlocked": [
    "Google Search"
  ]
}