{
  "elapsed_time": 232.87715851699977,
  "distance_meters": 1023.3898782037222,
  "energy_kwh": 0.0021,
  "tasks_unlocked": [
    "Google Search"
  ]
}