{
  "elapsed_time": 165.24460017899946,
  "distance_meters": 707.2566271047422,
  "energy_kwh": 0.0017,
  "tasks_unlocked": []
}