{
  "elapsed_time": 44.737735691000125,
  "distance_meters": 217.83463221028265,
  "energy_kwh": 0.0011,
  "tasks_unlocked": []
}