{
  "elapsed_time": 13.693568478000088,
  "distance_meters": 67.9558916458251,
  "energy_kwh": 0.0011,
  "tasks_unlocked": []
}