{
  "elapsed_time": 27.99977396900067,
  "distance_meters": 229.98926246578384,
  "energy_kwh": 0.0008,
  "tasks_unlocked": []
}