{
  "elapsed_time": 85.5801364580002,
  "distance_meters": 243.34931494938857,
  "energy_kwh": 0.0015,
  "tasks_unlocked": []
}