{
  "elapsed_time": 194.20016531799774,
  "distance_meters": 627.3857707094262,
  "energy_kwh": 0.0008,
  "tasks_unlocked": []
}