{
  "elapsed_time": 120.75037892799992,
  "distance_meters": 200.3361233431336,
  "energy_kwh": 0.0007,
  "tasks_unlocked": []
}