{
  "elapsed_time": 146.3559360500003,
  "distance_meters": 309.57602069172015,
  "energy_kwh": 0.0017,
  "tasks_unlocked": []
}