{
  "elapsed_time": 79.4531473420002,
  "distance_meters": 188.04695613498257,
  "energy_kwh": 0.0009,
  "tasks_unlocked": []
}