{
  "elapsed_time": 151.33226101799983,
  "distance_meters": 617.1151526429211,
  "energy_kwh": 0.0026,
  "tasks_unlocked": [
    "Google Search"
  ]
}