{
  "elapsed_time": 266.47573363300035,
  "distance_meters": 1383.950520396813,
  "energy_kwh": 0.0041,
  "tasks_unlocked": [
    "Google Search",
    "Image/Sound Recognition"
  ]
}