{
  "elapsed_time": 109.90247524199731,
  "distance_meters": 401.80859770860803,
  "energy_kwh": 0.0014,
  "tasks_unlocked": []
}