{
  "elapsed_time": 98.1913860110003,
  "distance_meters": 141.20922971451165,
  "energy_kwh": 0.0003,
  "tasks_unlocked": []
}