{
  "elapsed_time": 173.96146625999972,
  "distance_meters": 420.637800656967,
  "energy_kwh": 0.0003,
  "tasks_unlocked": []
}