{
  "elapsed_time": 12.893435259000398,
  "distance_meters": 57.267700987800666,
  "energy_kwh": 0.0003,
  "tasks_unlocked": []
}