{
  "elapsed_time": 41.66699590799908,
  "distance_meters": 107.49053835824255,
  "energy_kwh": 0.0004,
  "tasks_unlocked": []
}