{
  "elapsed_time": 45.69362378399819,
  "distance_meters": 122.57340210744277,
  "energy_kwh": 0.0004,
  "tasks_unlocked": []
}