{
  "elapsed_time": 41.33203426900036,
  "distance_meters": 275.8863030788586,
  "energy_kwh": 0.0013,
  "tasks_unlocked": []
}