{
  "elapsed_time": 46.72012537000046,
  "distance_meters": 246.9155238599427,
  "energy_kwh": 0.0009,
  "tasks_unlocked": []
}