{
  "elapsed_time": 15.496591651997733,
  "distance_meters": 159.12087424387593,
  "energy_kwh": 0.0009,
  "tasks_unlocked": []
}