{
  "elapsed_time": 98.80711658699875,
  "distance_meters": 258.3211307510171,
  "energy_kwh": 0.0008,
  "tasks_unlocked": []
}