{
  "elapsed_time": 20.714825087000463,
  "distance_meters": 12.159498482931179,
  "energy_kwh": 0.0,
  "tasks_unlocked": []
}