{
  "elapsed_time": 248.37595160899946,
  "distance_meters": 1204.3335534535072,
  "energy_kwh": 0.0043,
  "tasks_unlocked": [
    "Google Search",
    "Image/Sound Recognition"
  ]
}