{
  "elapsed_time": 129.79389223900216,
  "distance_meters": 374.65245750671994,
  "energy_kwh": 0.0015,
  "tasks_unlocked": []
}