{
  "elapsed_time": 63.03400919800151,
  "distance_meters": 470.6996951026266,
  "energy_kwh": 0.0036,
  "tasks_unlocked": [
    "Google Search"
  ]
}