{
  "elapsed_time": 81.57248830400022,
  "distance_meters": 187.76167436898143,
  "energy_kwh": 0.0014,
  "tasks_unlocked": []
}