{
  "elapsed_time": 80.36245608000172,
  "distance_meters": 154.84770166265287,
  "energy_kwh": 0.0007,
  "tasks_unlocked": []
}