{
  "elapsed_time": 249.45938092899996,
  "distance_meters": 1410.0370733987045,
  "energy_kwh": 0.0041,
  "tasks_unlocked": [
    "Google Search",
    "Image/Sound Recognition"
  ]
}