{
  "elapsed_time": 145.34361698200155,
  "distance_meters": 592.6204530168934,
  "energy_kwh": 0.0039,
  "tasks_unlocked": [
    "Google Search"
  ]
}