{
  "elapsed_time": 60.21481989200038,
  "distance_meters": 497.97745858421206,
  "energy_kwh": 0.0023,
  "tasks_unlocked": [
    "Google Search"
  ]
}