{
  "elapsed_time": 70.4422891389986,
  "distance_meters": 285.0042669636099,
  "energy_kwh": 0.0003,
  "tasks_unlocked": []
}