{
  "elapsed_time": 89.1239570329999,
  "distance_meters": 407.8345229593748,
  "energy_kwh": 0.0036,
  "tasks_unlocked": [
    "Google Search"
  ]
}