{
  "elapsed_time": 93.24408054800006,
  "distance_meters": 553.0622109872454,
  "energy_kwh": 0.0023,
  "tasks_unlocked": [
    "Google Search"
  ]
}