{
  "elapsed_time": 190.09264481900027,
  "distance_meters": 1212.067166134907,
  "energy_kwh": 0.0044,
  "tasks_unlocked": [
    "Google Search",
    "Image/Sound Recognition"
  ]
}