{
  "elapsed_time": 131.0681066369998,
  "distance_meters": 331.38045394341754,
  "energy_kwh": 0.0014,
  "tasks_unlocked": []
}