{
  "elapsed_time": 5.83848252100006,
  "distance_meters": 56.95283243544969,
  "energy_kwh": 0.0003,
  "tasks_unlocked": []
}