{
  "elapsed_time": 96.7749298460003,
  "distance_meters": 158.38921614323664,
  "energy_kwh": 0.0007,
  "tasks_unlocked": []
}