{
  "elapsed_time": 31.222195075000855,
  "distance_meters": 247.10841942378582,
  "energy_kwh": 0.0011,
  "tasks_unlocked": []
}