{
  "elapsed_time": 109.52347549200022,
  "distance_meters": 496.29389617864575,
  "energy_kwh": 0.003,
  "tasks_unlocked": [
    "Google Search"
  ]
}