{
  "elapsed_time": 92.57348634899972,
  "distance_meters": 270.15940628063083,
  "energy_kwh": 0.0009,
  "tasks_unlocked": []
}