{
  "elapsed_time": 108.40673869300008,
  "distance_meters": 227.57002024704266,
  "energy_kwh": 0.0003,
  "tasks_unlocked": []
}