{
  "elapsed_time": 211.75306631499916,
  "distance_meters": 1319.7734963715463,
  "energy_kwh": 0.0035,
  "tasks_unlocked": [
    "Google Search"
  ]
}