{
  "elapsed_time": 65.43478623199917,
  "distance_meters": 167.11959013010667,
  "energy_kwh": 0.0001,
  "tasks_unlocked": []
}