{
  "elapsed_time": 67.49444990600023,
  "distance_meters": 553.550264189873,
  "energy_kwh": 0.0023,
  "tasks_unlocked": [
    "Google Search"
  ]
}