{
  "elapsed_time": 53.39417797399983,
  "distance_meters": 435.0103079624636,
  "energy_kwh": 0.0015,
  "tasks_unlocked": []
}