{
  "elapsed_time": 274.35059724899975,
  "distance_meters": 1414.8475956454324,
  "energy_kwh": 0.0056,
  "tasks_unlocked": [
    "Google Search",
    "Image/Sound Recognition"
  ]
}