{
  "elapsed_time": 87.35327470600168,
  "distance_meters": 175.20212353564895,
  "energy_kwh": 0.0004,
  "tasks_unlocked": []
}