{
  "elapsed_time": 38.45867242900022,
  "distance_meters": 280.2778736739538,
  "energy_kwh": 0.0009,
  "tasks_unlocked": []
}