{
  "elapsed_time": 36.59650364999834,
  "distance_meters": 171.18745804395346,
  "energy_kwh": 0.0024,
  "tasks_unlocked": [
    "Google Search"
  ]
}