{
  "elapsed_time": 61.25076795700079,
  "distance_meters": 265.68713028662967,
  "energy_kwh": 0.0013,
  "tasks_unlocked": []
}