{
  "elapsed_time": 139.72207703499953,
  "distance_meters": 315.4176101307029,
  "energy_kwh": 0.0003,
  "tasks_unlocked": []
}