{
  "elapsed_time": 55.370528082999954,
  "distance_meters": 373.6779602241943,
  "energy_kwh": 0.0013,
  "tasks_unlocked": []
}