{
  "elapsed_time": 114.74535745499998,
  "distance_meters": 392.01980006328347,
  "energy_kwh": 0.0014,
  "tasks_unlocked": []
}