{
  "elapsed_time": 117.47604773700004,
  "distance_meters": 440.237669513617,
  "energy_kwh": 0.001,
  "tasks_unlocked": []
}