{
  "elapsed_time": 252.65924161099974,
  "distance_meters": 825.9385333236245,
  "energy_kwh": 0.0017,
  "tasks_unlocked": []
}