{
  "elapsed_time": 35.65526862800107,
  "distance_meters": 127.3758424240697,
  "energy_kwh": 0.001,
  "tasks_unlocked": []
}