{
  "elapsed_time": 87.16753028199673,
  "distance_meters": 286.6610260267697,
  "energy_kwh": 0.0008,
  "tasks_unlocked": []
}