{
  "elapsed_time": 9.284856187001424,
  "distance_meters": 72.42290167820582,
  "energy_kwh": 0.0014,
  "tasks_unlocked": []
}