{
  "elapsed_time": 28.58910153800025,
  "distance_meters": 182.04507867536614,
  "energy_kwh": 0.0007,
  "tasks_unlocked": []
}