{
  "elapsed_time": 30.806397273001494,
  "distance_meters": 69.06056185575032,
  "energy_kwh": 0.0,
  "tasks_unlocked": []
}