{
  "elapsed_time": 170.27114117999918,
  "distance_meters": 923.2096067646385,
  "energy_kwh": 0.0036,
  "tasks_unlocked": [
    "Google Search"
  ]
}