{
  "elapsed_time": 57.79347959000006,
  "distance_meters": 365.202534186842,
  "energy_kwh": 0.0013,
  "tasks_unlocked": []
}