{
  "elapsed_time": 162.6648985060001,
  "distance_meters": 535.3564280950787,
  "energy_kwh": 0.0023,
  "tasks_unlocked": [
    "Google Search"
  ]
}