{
  "elapsed_time": 286.3932721259989,
  "distance_meters": 1451.0589498397312,
  "energy_kwh": 0.0034,
  "tasks_unlocked": [
    "Google Search"
  ]
}