{
  "elapsed_time": 70.0604629999998,
  "distance_meters": 368.15866239230445,
  "energy_kwh": 0.0006,
  "tasks_unlocked": []
}