{
  "elapsed_time": 78.94084348399883,
  "distance_meters": 93.68328036894394,
  "energy_kwh": 0.0004,
  "tasks_unlocked": []
}