{
  "elapsed_time": 115.25819125500038,
  "distance_meters": 536.9119715793527,
  "energy_kwh": 0.0011,
  "tasks_unlocked": []
}