{
  "elapsed_time": 28.76440225499755,
  "distance_meters": 96.32064640362167,
  "energy_kwh": 0.0002,
  "tasks_unlocked": []
}