{
  "elapsed_time": 107.77181460599968,
  "distance_meters": 427.99137824798345,
  "energy_kwh": 0.0025,
  "tasks_unlocked": [
    "Google Search"
  ]
}