{
  "elapsed_time": 50.18350613300208,
  "distance_meters": 293.41861391860425,
  "energy_kwh": 0.0008,
  "tasks_unlocked": []
}