{
  "elapsed_time": 379.71521682899765,
  "distance_meters": 1052.7221388446158,
  "energy_kwh": 0.0031,
  "tasks_unlocked": [
    "Google Search"
  ]
}