{
  "elapsed_time": 61.63078644199777,
  "distance_meters": 381.95276263624874,
  "energy_kwh": 0.0012,
  "tasks_unlocked": []
}