{
  "elapsed_time": 10.464335097000003,
  "distance_meters": 70.58065198238984,
  "energy_kwh": 0.0009,
  "tasks_unlocked": []
}