{
  "elapsed_time": 130.00221479099855,
  "distance_meters": 581.685589669143,
  "energy_kwh": 0.0023,
  "tasks_unlocked": [
    "Google Search"
  ]
}