{
  "elapsed_time": 228.53042260499933,
  "distance_meters": 313.2054332194293,
  "energy_kwh": 0.0005,
  "tasks_unlocked": []
}