{
  "elapsed_time": 6.845398625002417,
  "distance_meters": 10.707475884916786,
  "energy_kwh": 0.0,
  "tasks_unlocked": []
}