{
  "elapsed_time": 141.88089768099962,
  "distance_meters": 479.0978106408665,
  "energy_kwh": 0.0018,
  "tasks_unlocked": []
}