{
  "elapsed_time": 194.1267044160004,
  "distance_meters": 860.8374458557585,
  "energy_kwh": 0.0035,
  "tasks_unlocked": [
    "Google Search"
  ]
}