{
  "elapsed_time": 147.67903853799908,
  "distance_meters": 1113.928448874022,
  "energy_kwh": 0.0045,
  "tasks_unlocked": [
    "Google Search",
    "Image/Sound Recognition"
  ]
}