{
  "elapsed_time": 57.78438262800046,
  "distance_meters": 273.56950235389655,
  "energy_kwh": 0.0012,
  "tasks_unlocked": []
}