{
  "elapsed_time": 51.96727599300084,
  "distance_meters": 406.7794915751554,
  "energy_kwh": 0.0015,
  "tasks_unlocked": []
}