{
  "elapsed_time": 147.81702687100005,
  "distance_meters": 1135.483739184997,
  "energy_kwh": 0.0042,
  "tasks_unlocked": [
    "Google Search",
    "Image/Sound Recognition"
  ]
}