{
  "elapsed_time": 153.17807426999934,
  "distance_meters": 1022.538326376487,
  "energy_kwh": 0.0045,
  "tasks_unlocked": [
    "Google Search",
    "Image/Sound Recognition"
  ]
}