{
  "elapsed_time": 32.21833649100154,
  "distance_meters": 259.20365833009816,
  "energy_kwh": 0.001,
  "tasks_unlocked": []
}