{
  "elapsed_time": 157.60441649600034,
  "distance_meters": 564.1823552852787,
  "energy_kwh": 0.0032,
  "tasks_unlocked": [
    "Google Search"
  ]
}