{
  "elapsed_time": 13.278751155999998,
  "distance_meters": 13.961812852718356,
  "energy_kwh": 0.0,
  "tasks_unlocked": []
}