{
  "elapsed_time": 41.687231400999735,
  "distance_meters": 240.33498232239052,
  "energy_kwh": 0.0006,
  "tasks_unlocked": []
}