{
  "elapsed_time": 140.2629605630009,
  "distance_meters": 624.4371488795653,
  "energy_kwh": 0.0025,
  "tasks_unlocked": [
    "Google Search"
  ]
}