{
  "elapsed_time": 134.21360846400057,
  "distance_meters": 475.11399986547156,
  "energy_kwh": 0.0013,
  "tasks_unlocked": []
}