{
  "elapsed_time": 13.269823641000002,
  "distance_meters": 15.797716413640032,
  "energy_kwh": 0.0,
  "tasks_unlocked": []
}