{
  "elapsed_time": 19.14095326899951,
  "distance_meters": 183.50207538280222,
  "energy_kwh": 0.0012,
  "tasks_unlocked": []
}