{
  "elapsed_time": 82.60791839500234,
  "distance_meters": 202.40737669924002,
  "energy_kwh": 0.0004,
  "tasks_unlocked": []
}