{
  "elapsed_time": 199.23918855800002,
  "distance_meters": 896.0245641881686,
  "energy_kwh": 0.0021,
  "tasks_unlocked": [
    "Google Search"
  ]
}