{
  "elapsed_time": 167.69369314400046,
  "distance_meters": 483.96919525604415,
  "energy_kwh": 0.0015,
  "tasks_unlocked": []
}