{
  "elapsed_time": 14.505136562998814,
  "distance_meters": 46.25447765880292,
  "energy_kwh": 0.0001,
  "tasks_unlocked": []
}