{
  "elapsed_time": 6.8386685000004945,
  "distance_meters": 24.90629949175112,
  "energy_kwh": 0.0001,
  "tasks_unlocked": []
}