{
  "elapsed_time": 27.976594405998185,
  "distance_meters": 181.8023955426832,
  "energy_kwh": 0.0006,
  "tasks_unlocked": []
}