{
  "elapsed_time": 105.17024280699843,
  "distance_meters": 692.1260685850339,
  "energy_kwh": 0.0025,
  "tasks_unlocked": [
    "Google Search"
  ]
}