{
  "elapsed_time": 171.25176488200123,
  "distance_meters": 467.8396023903011,
  "energy_kwh": 0.0021,
  "tasks_unlocked": [
    "Google Search"
  ]
}