{
  "elapsed_time": 144.96438134300115,
  "distance_meters": 1007.0639346142696,
  "energy_kwh": 0.0027,
  "tasks_unlocked": [
    "Google Search"
  ]
}