{
  "elapsed_time": 188.53230179899947,
  "distance_meters": 1102.4645742138564,
  "energy_kwh": 0.0042,
  "tasks_unlocked": [
    "Google Search",
    "Image/Sound Recognition"
  ]
}