{
  "elapsed_time": 327.42693727299775,
  "distance_meters": 980.3947866683194,
  "energy_kwh": 0.0024,
  "tasks_unlocked": [
    "Google Search"
  ]
}