{
  "elapsed_time": 126.79081815900099,
  "distance_meters": 216.983430491064,
  "energy_kwh": 0.0002,
  "tasks_unlocked": []
}