{
  "elapsed_time": 117.32568987000195,
  "distance_meters": 972.8041325020565,
  "energy_kwh": 0.0042,
  "tasks_unlocked": [
    "Google Search",
    "Image/Sound Recognition"
  ]
}