{
  "elapsed_time": 42.9015629860005,
  "distance_meters": 301.28075611948,
  "energy_kwh": 0.0008,
  "tasks_unlocked": []
}