{
  "elapsed_time": 48.91408911100007,
  "distance_meters": 164.20415951100318,
  "energy_kwh": 0.0013,
  "tasks_unlocked": []
}