{
  "elapsed_time": 30.66302279500087,
  "distance_meters": 107.01388153595454,
  "energy_kwh": 0.0007,
  "tasks_unlocked": []
}