{
  "elapsed_time": 114.42206762000205,
  "distance_meters": 330.84701518314716,
  "energy_kwh": 0.0008,
  "tasks_unlocked": []
}