{
  "elapsed_time": 2.2089250900007755,
  "distance_meters": 9.26399014572742,
  "energy_kwh": 0.0,
  "tasks_unlocked": []
}