{
  "elapsed_time": 69.26014561199918,
  "distance_meters": 413.1328209487967,
  "energy_kwh": 0.0008,
  "tasks_unlocked": []
}