{
  "elapsed_time": 39.342257620000964,
  "distance_meters": 185.34799188462583,
  "energy_kwh": 0.0003,
  "tasks_unlocked": []
}