{
  "elapsed_time": 35.654344159000175,
  "distance_meters": 130.4399438655441,
  "energy_kwh": 0.0005,
  "tasks_unlocked": []
}