{
  "elapsed_time": 18.13231559199994,
  "distance_meters": 47.723533357048105,
  "energy_kwh": 0.0001,
  "tasks_unlocked": []
}