{
  "elapsed_time": 85.60675990900017,
  "distance_meters": 111.793673827849,
  "energy_kwh": 0.0004,
  "tasks_unlocked": []
}