{
  "elapsed_time": 12.680436651999116,
  "distance_meters": 80.55022187912739,
  "energy_kwh": 0.0003,
  "tasks_unlocked": []
}