{
  "elapsed_time": 113.7222535630026,
  "distance_meters": 392.71793740688906,
  "energy_kwh": 0.0013,
  "tasks_unlocked": []
}