{
  "elapsed_time": 76.53044530000261,
  "distance_meters": 489.9198639740309,
  "energy_kwh": 0.0022,
  "tasks_unlocked": [
    "Google Search"
  ]
}