{
  "elapsed_time": 60.251986231000046,
  "distance_meters": 54.417931555707284,
  "energy_kwh": 0.0004,
  "tasks_unlocked": []
}