{
  "elapsed_time": 16.295159769000747,
  "distance_meters": 132.822493438957,
  "energy_kwh": 0.0011,
  "tasks_unlocked": []
}