{
  "elapsed_time": 20.922656355999834,
  "distance_meters": 206.00845802500845,
  "energy_kwh": 0.001,
  "tasks_unlocked": []
}