{
  "elapsed_time": 28.43458314199961,
  "distance_meters": 201.76878186715035,
  "energy_kwh": 0.0029,
  "tasks_unlocked": [
    "Google Search"
  ]
}