{
  "elapsed_time": 102.86136574400007,
  "distance_meters": 240.89657456352467,
  "energy_kwh": 0.0005,
  "tasks_unlocked": []
}