{
  "elapsed_time": 72.95087788000092,
  "distance_meters": 491.2705308257718,
  "energy_kwh": 0.0017,
  "tasks_unlocked": []
}