{
  "elapsed_time": 65.69320032300129,
  "distance_meters": 74.88129584866786,
  "energy_kwh": 0.0,
  "tasks_unlocked": []
}