{
  "elapsed_time": 11.681147835000047,
  "distance_meters": 21.68290203562011,
  "energy_kwh": 0.0,
  "tasks_unlocked": []
}