{
  "elapsed_time": 91.76301777599656,
  "distance_meters": 239.0898651823834,
  "energy_kwh": 0.0013,
  "tasks_unlocked": []
}