{
  "elapsed_time": 150.79374115799874,
  "distance_meters": 763.984511474023,
  "energy_kwh": 0.0029,
  "tasks_unlocked": [
    "Google Search"
  ]
}