{
  "elapsed_time": 237.50876309100022,
  "distance_meters": 1205.1343353308293,
  "energy_kwh": 0.0037,
  "tasks_unlocked": [
    "Google Search"
  ]
}