{
  "elapsed_time": 67.2351994840028,
  "distance_meters": 420.46959957722714,
  "energy_kwh": 0.0009,
  "tasks_unlocked": []
}