{
  "elapsed_time": 51.17754348100061,
  "distance_meters": 130.96828668912744,
  "energy_kwh": 0.0005,
  "tasks_unlocked": []
}