{
  "elapsed_time": 97.24126376599997,
  "distance_meters": 692.9925914380684,
  "energy_kwh": 0.0023,
  "tasks_unlocked": [
    "Google Search"
  ]
}