{
  "elapsed_time": 115.16719575899879,
  "distance_meters": 384.269692634052,
  "energy_kwh": 0.0037,
  "tasks_unlocked": [
    "Google Search"
  ]
}