{
  "elapsed_time": 45.48067935099971,
  "distance_meters": 180.3078595530705,
  "energy_kwh": 0.0007,
  "tasks_unlocked": []
}