{
  "elapsed_time": 207.16740391500207,
  "distance_meters": 623.4530312735167,
  "energy_kwh": 0.0042,
  "tasks_unlocked": [
    "Google Search",
    "Image/Sound Recognition"
  ]
}