{
  "elapsed_time": 102.45324682800128,
  "distance_meters": 401.680048788371,
  "energy_kwh": 0.0016,
  "tasks_unlocked": []
}