{
  "elapsed_time": 123.91933404799784,
  "distance_meters": 565.0360996655379,
  "energy_kwh": 0.0023,
  "tasks_unlocked": [
    "Google Search"
  ]
}