{
  "elapsed_time": 36.033566704001714,
  "distance_meters": 141.9543643402072,
  "energy_kwh": 0.0003,
  "tasks_unlocked": []
}