{
  "elapsed_time": 40.065721893000045,
  "distance_meters": 222.79601268353008,
  "energy_kwh": 0.0016,
  "tasks_unlocked": []
}