{
  "elapsed_time": 32.596208302000036,
  "distance_meters": 225.43149514271965,
  "energy_kwh": 0.0006,
  "tasks_unlocked": []
}