{
  "elapsed_time": 37.68234465400019,
  "distance_meters": 350.0330900037877,
  "energy_kwh": 0.0018,
  "tasks_unlocked": []
}