{
  "elapsed_time": 31.22989964900262,
  "distance_meters": 162.16470187326985,
  "energy_kwh": 0.0004,
  "tasks_unlocked": []
}