{
  "elapsed_time": 93.57237574800092,
  "distance_meters": 248.750091835771,
  "energy_kwh": 0.0007,
  "tasks_unlocked": []
}