{
  "elapsed_time": 232.1424303570002,
  "distance_meters": 1218.7251442473328,
  "energy_kwh": 0.0041,
  "tasks_unlocked": [
    "Google Search",
    "Image/Sound Recognition"
  ]
}