{
  "elapsed_time": 67.23794753699985,
  "distance_meters": 46.7245832808804,
  "energy_kwh": 0.0001,
  "tasks_unlocked": []
}