{
  "elapsed_time": 252.16283893700165,
  "distance_meters": 1377.8590627016874,
  "energy_kwh": 0.0053,
  "tasks_unlocked": [
    "Google Search",
    "Image/Sound Recognition"
  ]
}