{
  "elapsed_time": 133.84613351000007,
  "distance_meters": 508.9117605896598,
  "energy_kwh": 0.0008,
  "tasks_unlocked": []
}