{
  "elapsed_time": 8.259788970000955,
  "distance_meters": 63.50615836598999,
  "energy_kwh": 0.0002,
  "tasks_unlocked": []
}