{
  "elapsed_time": 65.7147495270001,
  "distance_meters": 340.0365276227407,
  "energy_kwh": 0.0027,
  "tasks_unlocked": [
    "Google Search"
  ]
}