{
  "elapsed_time": 97.41872696999962,
  "distance_meters": 710.7337491298491,
  "energy_kwh": 0.0033,
  "tasks_unlocked": [
    "Google Search"
  ]
}