{
  "elapsed_time": 87.28411817800043,
  "distance_meters": 38.666965104403666,
  "energy_kwh": 0.0,
  "tasks_unlocked": []
}