{
  "elapsed_time": 112.79590462199121,
  "distance_meters": 399.86405021239153,
  "energy_kwh": 0.0016,
  "tasks_unlocked": []
}