{
  "elapsed_time": 106.929631392999,
  "distance_meters": 603.7815726629682,
  "energy_kwh": 0.0019,
  "tasks_unlocked": []
}