{
  "elapsed_time": 31.38699399699908,
  "distance_meters": 365.20446731522264,
  "energy_kwh": 0.0028,
  "tasks_unlocked": [
    "Google Search"
  ]
}