{
  "elapsed_time": 144.9042086160007,
  "distance_meters": 480.1211204634851,
  "energy_kwh": 0.0013,
  "tasks_unlocked": []
}