{
  "elapsed_time": 146.1527064359998,
  "distance_meters": 351.1378988627535,
  "energy_kwh": 0.0026,
  "tasks_unlocked": [
    "Google Search"
  ]
}