{
  "elapsed_time": 165.87989636099883,
  "distance_meters": 763.7849089374462,
  "energy_kwh": 0.0022,
  "tasks_unlocked": [
    "Google Search"
  ]
}