{
  "elapsed_time": 90.61830673299846,
  "distance_meters": 119.38855340444114,
  "energy_kwh": 0.0007,
  "tasks_unlocked": []
}