{
  "elapsed_time": 64.21853198899771,
  "distance_meters": 258.0721347271764,
  "energy_kwh": 0.0005,
  "tasks_unlocked": []
}