{
  "elapsed_time": 103.67732060700018,
  "distance_meters": 306.98362963270944,
  "energy_kwh": 0.0035,
  "tasks_unlocked": [
    "Google Search"
  ]
}