{
  "elapsed_time": 79.13353903999996,
  "distance_meters": 280.47958564876035,
  "energy_kwh": 0.0017,
  "tasks_unlocked": []
}