{
  "elapsed_time": 33.610900120999986,
  "distance_meters": 131.50353669073994,
  "energy_kwh": 0.0005,
  "tasks_unlocked": []
}