{
  "elapsed_time": 34.86032095200062,
  "distance_meters": 257.84174928403047,
  "energy_kwh": 0.0011,
  "tasks_unlocked": []
}