{
  "elapsed_time": 131.38105951999933,
  "distance_meters": 154.26630507126873,
  "energy_kwh": 0.0004,
  "tasks_unlocked": []
}