{
  "elapsed_time": 189.37199175799833,
  "distance_meters": 723.2119503933757,
  "energy_kwh": 0.003,
  "tasks_unlocked": [
    "Google Search"
  ]
}