{
  "elapsed_time": 32.41999509800007,
  "distance_meters": 290.0770962262579,
  "energy_kwh": 0.0013,
  "tasks_unlocked": []
}