{
  "elapsed_time": 461.75719620900054,
  "distance_meters": 1745.9178448833848,
  "energy_kwh": 0.0029,
  "tasks_unlocked": [
    "Google Search"
  ]
}