{
  "elapsed_time": 31.407704614999602,
  "distance_meters": 163.48240674275996,
  "energy_kwh": 0.0005,
  "tasks_unlocked": []
}