{
  "elapsed_time": 55.41300900100032,
  "distance_meters": 443.6794303249607,
  "energy_kwh": 0.0017,
  "tasks_unlocked": []
}