{
  "elapsed_time": 119.92319643600058,
  "distance_meters": 280.8698209729831,
  "energy_kwh": 0.0017,
  "tasks_unlocked": []
}