{
  "elapsed_time": 6.6498316939996585,
  "distance_meters": 6.651076033683039,
  "energy_kwh": 0.0,
  "tasks_unlocked": []
}