{
  "elapsed_time": 68.24943914800042,
  "distance_meters": 348.5219162671627,
  "energy_kwh": 0.0014,
  "tasks_unlocked": []
}