{
  "elapsed_time": 7.871904532999906,
  "distance_meters": 81.04339713997463,
  "energy_kwh": 0.0005,
  "tasks_unlocked": []
}