{
  "elapsed_time": 78.31419873900086,
  "distance_meters": 582.1316155190787,
  "energy_kwh": 0.002,
  "tasks_unlocked": [
    "Google Search"
  ]
}