{
  "elapsed_time": 36.01785685399955,
  "distance_meters": 244.48292883312845,
  "energy_kwh": 0.0006,
  "tasks_unlocked": []
}