{
  "elapsed_time": 37.48444175199984,
  "distance_meters": 137.41987570169695,
  "energy_kwh": 0.0007,
  "tasks_unlocked": []
}