{
  "elapsed_time": 82.10198280999975,
  "distance_meters": 153.84615595597512,
  "energy_kwh": 0.0006,
  "tasks_unlocked": []
}