{
  "elapsed_time": 121.46943566600021,
  "distance_meters": 276.6486524989476,
  "energy_kwh": 0.0014,
  "tasks_unlocked": []
}