{
  "elapsed_time": 200.11407948800115,
  "distance_meters": 837.6111378209291,
  "energy_kwh": 0.0033,
  "tasks_unlocked": [
    "Google Search"
  ]
}