{
  "elapsed_time": 65.40236021300007,
  "distance_meters": 30.73648628518688,
  "energy_kwh": 0.0001,
  "tasks_unlocked": []
}