{
  "elapsed_time": 21.144690943998285,
  "distance_meters": 197.51922048482697,
  "energy_kwh": 0.001,
  "tasks_unlocked": []
}