{
  "elapsed_time": 52.979735673001414,
  "distance_meters": 82.89951746770541,
  "energy_kwh": 0.0003,
  "tasks_unlocked": []
}