{
  "elapsed_time": 217.98678398800075,
  "distance_meters": 1430.7019283661905,
  "energy_kwh": 0.0044,
  "tasks_unlocked": [
    "Google Search",
    "Image/Sound Recognition"
  ]
}