{
  "elapsed_time": 189.23125923899988,
  "distance_meters": 440.10658531124875,
  "energy_kwh": 0.0009,
  "tasks_unlocked": []
}