{
  "elapsed_time": 21.968982148999203,
  "distance_meters": 114.5829803821455,
  "energy_kwh": 0.0002,
  "tasks_unlocked": []
}