{
  "elapsed_time": 16.930079288998968,
  "distance_meters": 74.81914106837206,
  "energy_kwh": 0.0002,
  "tasks_unlocked": []
}