{
  "elapsed_time": 128.66584563600009,
  "distance_meters": 1017.9710363480111,
  "energy_kwh": 0.0038,
  "tasks_unlocked": [
    "Google Search"
  ]
}