{
  "elapsed_time": 383.23183233500095,
  "distance_meters": 2416.892259753554,
  "energy_kwh": 0.0054,
  "tasks_unlocked": [
    "Google Search",
    "Image/Sound Recognition"
  ]
}