{
  "elapsed_time": 198.72494022499995,
  "distance_meters": 614.1391947656241,
  "energy_kwh": 0.0013,
  "tasks_unlocked": []
}