{
  "elapsed_time": 124.52203139199992,
  "distance_meters": 275.75252096777143,
  "energy_kwh": 0.0016,
  "tasks_unlocked": []
}