{
  "elapsed_time": 81.63472038300097,
  "distance_meters": 508.6698859760706,
  "energy_kwh": 0.0019,
  "tasks_unlocked": []
}