{
  "elapsed_time": 6.451852669000004,
  "distance_meters": 37.39606512421002,
  "energy_kwh": 0.0001,
  "tasks_unlocked": []
}