{
  "elapsed_time": 42.09451193999848,
  "distance_meters": 206.4695056781321,
  "energy_kwh": 0.0013,
  "tasks_unlocked": []
}