{
  "elapsed_time": 42.111224199999924,
  "distance_meters": 233.78387797060125,
  "energy_kwh": 0.0014,
  "tasks_unlocked": []
}