{
  "elapsed_time": 105.57100716400237,
  "distance_meters": 449.22943069641207,
  "energy_kwh": 0.0023,
  "tasks_unlocked": [
    "Google Search"
  ]
}