{
  "elapsed_time": 42.667812412000785,
  "distance_meters": 187.61602390277403,
  "energy_kwh": 0.0012,
  "tasks_unlocked": []
}