{
  "elapsed_time": 103.96363829600023,
  "distance_meters": 378.64454722361984,
  "energy_kwh": 0.0029,
  "tasks_unlocked": [
    "Google Search"
  ]
}