{
  "elapsed_time": 3.020823928000027,
  "distance_meters": 17.69589873272016,
  "energy_kwh": 0.0,
  "tasks_unlocked": []
}