{
  "elapsed_time": 53.156974200999684,
  "distance_meters": 406.5057755865937,
  "energy_kwh": 0.0013,
  "tasks_unlocked": []
}