{
  "elapsed_time": 246.54582076800034,
  "distance_meters": 1299.3672701557507,
  "energy_kwh": 0.005,
  "tasks_unlocked": [
    "Google Search",
    "Image/Sound Recognition"
  ]
}