{
  "elapsed_time": 91.82914392800012,
  "distance_meters": 279.5525043343776,
  "energy_kwh": 0.0012,
  "tasks_unlocked": []
}