{
  "elapsed_time": 47.70268443999976,
  "distance_meters": 271.5083416199007,
  "energy_kwh": 0.0007,
  "tasks_unlocked": []
}