{
  "elapsed_time": 265.51202209300027,
  "distance_meters": 491.9086894233943,
  "energy_kwh": 0.001,
  "tasks_unlocked": []
}