{
  "elapsed_time": 111.0846770720018,
  "distance_meters": 359.19641775060694,
  "energy_kwh": 0.0016,
  "tasks_unlocked": []
}