{
  "elapsed_time": 117.20924309199836,
  "distance_meters": 1072.2003238844213,
  "energy_kwh": 0.0059,
  "tasks_unlocked": [
    "Google Search",
    "Image/Sound Recognition"
  ]
}