{
  "elapsed_time": 12.088786797000012,
  "distance_meters": 61.60558057790952,
  "energy_kwh": 0.0003,
  "tasks_unlocked": []
}