{
  "elapsed_time": 35.62602459300001,
  "distance_meters": 222.33805959454037,
  "energy_kwh": 0.0006,
  "tasks_unlocked": []
}