{
  "elapsed_time": 195.24168060900047,
  "distance_meters": 1286.5701692867235,
  "energy_kwh": 0.0045,
  "tasks_unlocked": [
    "Google Search",
    "Image/Sound Recognition"
  ]
}