{
  "elapsed_time": 98.73976932500045,
  "distance_meters": 240.4857466432689,
  "energy_kwh": 0.0006,
  "tasks_unlocked": []
}