{
  "elapsed_time": 17.116774468000585,
  "distance_meters": 140.0573705899851,
  "energy_kwh": 0.0005,
  "tasks_unlocked": []
}