{
  "elapsed_time": 126.1886933570022,
  "distance_meters": 207.57063911156916,
  "energy_kwh": 0.0004,
  "tasks_unlocked": []
}