{
  "elapsed_time": 112.17337703599696,
  "distance_meters": 134.70407349369844,
  "energy_kwh": 0.0,
  "tasks_unlocked": []
}