{
  "elapsed_time": 52.755034421003074,
  "distance_meters": 315.0507551563058,
  "energy_kwh": 0.001,
  "tasks_unlocked": []
}