{
  "elapsed_time": 38.080214970999805,
  "distance_meters": 158.32688108362765,
  "energy_kwh": 0.0008,
  "tasks_unlocked": []
}