{
  "elapsed_time": 74.86812786399969,
  "distance_meters": 72.39040493434437,
  "energy_kwh": 0.0004,
  "tasks_unlocked": []
}