{
  "elapsed_time": 96.15545097200084,
  "distance_meters": 515.9552427904488,
  "energy_kwh": 0.0012,
  "tasks_unlocked": []
}