{
  "elapsed_time": 114.1544539940005,
  "distance_meters": 302.92068326374704,
  "energy_kwh": 0.0047,
  "tasks_unlocked": [
    "Google Search",
    "Image/Sound Recognition"
  ]
}