{
  "elapsed_time": 14.478294653000376,
  "distance_meters": 180.94226066324762,
  "energy_kwh": 0.0015,
  "tasks_unlocked": []
}