{
  "elapsed_time": 110.74499567800012,
  "distance_meters": 380.58344681996425,
  "energy_kwh": 0.0023,
  "tasks_unlocked": [
    "Google Search"
  ]
}