{
  "elapsed_time": 99.6654175170006,
  "distance_meters": 702.2528495056148,
  "energy_kwh": 0.0022,
  "tasks_unlocked": [
    "Google Search"
  ]
}