{
  "elapsed_time": 82.20162471799995,
  "distance_meters": 59.648180963898064,
  "energy_kwh": 0.0001,
  "tasks_unlocked": []
}