{
  "elapsed_time": 29.784279079000044,
  "distance_meters": 130.53889112763133,
  "energy_kwh": 0.0005,
  "tasks_unlocked": []
}