{
  "elapsed_time": 162.0136479319999,
  "distance_meters": 877.3922726032109,
  "energy_kwh": 0.0026,
  "tasks_unlocked": [
    "Google Search"
  ]
}