{
  "elapsed_time": 163.41145079200032,
  "distance_meters": 766.5571126159712,
  "energy_kwh": 0.0026,
  "tasks_unlocked": [
    "Google Search"
  ]
}