{
  "elapsed_time": 86.13774192599976,
  "distance_meters": 140.67645853882678,
  "energy_kwh": 0.0002,
  "tasks_unlocked": []
}