{
  "elapsed_time": 73.26588288100174,
  "distance_meters": 52.44187345772248,
  "energy_kwh": 0.0,
  "tasks_unlocked": []
}