{
  "elapsed_time": 156.0111632479984,
  "distance_meters": 1198.7125908900446,
  "energy_kwh": 0.0038,
  "tasks_unlocked": [
    "Google Search"
  ]
}