{
  "elapsed_time": 103.46183064900106,
  "distance_meters": 817.0530344177567,
  "energy_kwh": 0.0027,
  "tasks_unlocked": [
    "Google Search"
  ]
}