{
  "elapsed_time": 40.51361187599832,
  "distance_meters": 146.13744737326476,
  "energy_kwh": 0.0007,
  "tasks_unlocked": []
}