{
  "elapsed_time": 106.85319760299899,
  "distance_meters": 1072.2326332067794,
  "energy_kwh": 0.0057,
  "tasks_unlocked": [
    "Google Search",
    "Image/Sound Recognition"
  ]
}