{
  "elapsed_time": 131.1447656069995,
  "distance_meters": 190.13024533672493,
  "energy_kwh": 0.0012,
  "tasks_unlocked": []
}