{
  "elapsed_time": 47.34624743599852,
  "distance_meters": 246.00355652364414,
  "energy_kwh": 0.0021,
  "tasks_unlocked": [
    "Google Search"
  ]
}