{
  "elapsed_time": 220.4748785970005,
  "distance_meters": 1024.5686892067974,
  "energy_kwh": 0.0022,
  "tasks_unlocked": [
    "Google Search"
  ]
}