{
  "elapsed_time": 108.69805344300039,
  "distance_meters": 269.0354367642292,
  "energy_kwh": 0.0009,
  "tasks_unlocked": []
}