{
  "elapsed_time": 97.82557953300056,
  "distance_meters": 630.1071714238888,
  "energy_kwh": 0.0024,
  "tasks_unlocked": [
    "Google Search"
  ]
}