{
  "elapsed_time": 19.52170411499901,
  "distance_meters": 124.56544370635241,
  "energy_kwh": 0.0004,
  "tasks_unlocked": []
}