{
  "elapsed_time": 28.62824686300064,
  "distance_meters": 269.2570892669651,
  "energy_kwh": 0.0013,
  "tasks_unlocked": []
}