{
  "elapsed_time": 53.76786794799955,
  "distance_meters": 305.83572635607834,
  "energy_kwh": 0.0022,
  "tasks_unlocked": [
    "Google Search"
  ]
}