{
  "elapsed_time": 108.67569050099974,
  "distance_meters": 658.6578638156998,
  "energy_kwh": 0.0013,
  "tasks_unlocked": []
}