{
  "elapsed_time": 38.04712837199986,
  "distance_meters": 185.2835770233082,
  "energy_kwh": 0.0004,
  "tasks_unlocked": []
}