{
  "elapsed_time": 52.339748348000285,
  "distance_meters": 330.0840563085439,
  "energy_kwh": 0.0008,
  "tasks_unlocked": []
}