{
  "elapsed_time": 93.18164150899975,
  "distance_meters": 302.9824832603033,
  "energy_kwh": 0.0024,
  "tasks_unlocked": [
    "Google Search"
  ]
}