{
  "elapsed_time": 60.947667861999435,
  "distance_meters": 171.8202578261748,
  "energy_kwh": 0.0016,
  "tasks_unlocked": []
}