{
  "elapsed_time": 316.2194124330008,
  "distance_meters": 1415.0189447552136,
  "energy_kwh": 0.0039,
  "tasks_unlocked": [
    "Google Search"
  ]
}