{
  "elapsed_time": 9.67314366699793,
  "distance_meters": 31.305035174619878,
  "energy_kwh": 0.0,
  "tasks_unlocked": []
}