{
  "elapsed_time": 141.51384670599873,
  "distance_meters": 1062.7962099284578,
  "energy_kwh": 0.0031,
  "tasks_unlocked": [
    "Google Search"
  ]
}