{
  "elapsed_time": 100.77723035000054,
  "distance_meters": 373.9621103851578,
  "energy_kwh": 0.0024,
  "tasks_unlocked": [
    "Google Search"
  ]
}