{
  "elapsed_time": 25.765025704997242,
  "distance_meters": 9.339917927473874,
  "energy_kwh": 0.0,
  "tasks_unlocked": []
}