{
  "elapsed_time": 64.60507512999902,
  "distance_meters": 393.26314883943814,
  "energy_kwh": 0.0013,
  "tasks_unlocked": []
}