{
  "elapsed_time": 154.19478909100144,
  "distance_meters": 861.0499546206084,
  "energy_kwh": 0.0043,
  "tasks_unlocked": [
    "Google Search",
    "Image/Sound Recognition"
  ]
}