{
  "elapsed_time": 35.235274737999134,
  "distance_meters": 343.9164061145935,
  "energy_kwh": 0.0023,
  "tasks_unlocked": [
    "Google Search"
  ]
}