{
  "elapsed_time": 24.152541518997168,
  "distance_meters": 202.7899955551883,
  "energy_kwh": 0.0012,
  "tasks_unlocked": []
}