{
  "elapsed_time": 101.04448267200041,
  "distance_meters": 438.7047382870313,
  "energy_kwh": 0.0013,
  "tasks_unlocked": []
}