{
  "elapsed_time": 126.35053010800038,
  "distance_meters": 441.050762971727,
  "energy_kwh": 0.0015,
  "tasks_unlocked": []
}