{
  "elapsed_time": 276.5678574630001,
  "distance_meters": 764.3820092920203,
  "energy_kwh": 0.0018,
  "tasks_unlocked": []
}