{
  "elapsed_time": 167.83872512800008,
  "distance_meters": 1000.6266382122254,
  "energy_kwh": 0.0052,
  "tasks_unlocked": [
    "Google Search",
    "Image/Sound Recognition"
  ]
}