{
  "elapsed_time": 108.18527168800028,
  "distance_meters": 255.74533900412808,
  "energy_kwh": 0.0004,
  "tasks_unlocked": []
}