{
  "elapsed_time": 100.48204584599807,
  "distance_meters": 372.2603580664315,
  "energy_kwh": 0.0017,
  "tasks_unlocked": []
}