{
  "elapsed_time": 131.88530919100003,
  "distance_meters": 650.7252397853704,
  "energy_kwh": 0.0028,
  "tasks_unlocked": [
    "Google Search"
  ]
}