{
  "elapsed_time": 14.280989122999998,
  "distance_meters": 3.6448183724800196,
  "energy_kwh": 0.0,
  "tasks_unlocked": []
}