{
  "elapsed_time": 14.687958147000245,
  "distance_meters": 84.83474371990178,
  "energy_kwh": 0.0003,
  "tasks_unlocked": []
}