{
  "elapsed_time": 54.9458478029992,
  "distance_meters": 447.90221639392985,
  "energy_kwh": 0.0027,
  "tasks_unlocked": [
    "Google Search"
  ]
}