{
  "elapsed_time": 22.971579184999428,
  "distance_meters": 210.2849245450358,
  "energy_kwh": 0.0013,
  "tasks_unlocked": []
}