{
  "elapsed_time": 128.25374233000002,
  "distance_meters": 917.8193713793797,
  "energy_kwh": 0.0024,
  "tasks_unlocked": [
    "Google Search"
  ]
}