{
  "elapsed_time": 33.605576084999484,
  "distance_meters": 173.11066689511432,
  "energy_kwh": 0.0005,
  "tasks_unlocked": []
}