{
  "elapsed_time": 161.99359139399985,
  "distance_meters": 627.7139996485087,
  "energy_kwh": 0.0029,
  "tasks_unlocked": [
    "Google Search"
  ]
}