{
  "elapsed_time": 28.394055321998167,
  "distance_meters": 15.228815026432132,
  "energy_kwh": 0.0,
  "tasks_unlocked": []
}