{
  "elapsed_time": 28.361877095001546,
  "distance_meters": 214.45250333451725,
  "energy_kwh": 0.0011,
  "tasks_unlocked": []
}