{
  "elapsed_time": 102.2481917189998,
  "distance_meters": 114.75283170873864,
  "energy_kwh": 0.0001,
  "tasks_unlocked": []
}