{
  "elapsed_time": 122.1842067739999,
  "distance_meters": 392.36289992185016,
  "energy_kwh": 0.0011,
  "tasks_unlocked": []
}