{
  "elapsed_time": 58.378221357001166,
  "distance_meters": 230.66080133359662,
  "energy_kwh": 0.0007,
  "tasks_unlocked": []
}