{
  "elapsed_time": 106.29533074900064,
  "distance_meters": 946.1688341449209,
  "energy_kwh": 0.0051,
  "tasks_unlocked": [
    "Google Search",
    "Image/Sound Recognition"
  ]
}