{
  "elapsed_time": 124.33754463099831,
  "distance_meters": 793.6991028947735,
  "energy_kwh": 0.0028,
  "tasks_unlocked": [
    "Google Search"
  ]
}