{
  "elapsed_time": 76.13081362000048,
  "distance_meters": 494.72726337776214,
  "energy_kwh": 0.003,
  "tasks_unlocked": [
    "Google Search"
  ]
}