{
  "elapsed_time": 124.99853126000016,
  "distance_meters": 501.0285226356064,
  "energy_kwh": 0.0023,
  "tasks_unlocked": [
    "Google Search"
  ]
}