{
  "elapsed_time": 136.074635253,
  "distance_meters": 505.1352153335297,
  "energy_kwh": 0.0015,
  "tasks_unlocked": []
}