{
  "elapsed_time": 44.689813992999916,
  "distance_meters": 317.734582159279,
  "energy_kwh": 0.0013,
  "tasks_unlocked": []
}