{
  "elapsed_time": 113.1861396610002,
  "distance_meters": 200.33399228477367,
  "energy_kwh": 0.0008,
  "tasks_unlocked": []
}