{
  "elapsed_time": 91.58447390199944,
  "distance_meters": 236.86575798964702,
  "energy_kwh": 0.0007,
  "tasks_unlocked": []
}