{
  "elapsed_time": 89.79277184199998,
  "distance_meters": 528.9429306106593,
  "energy_kwh": 0.0022,
  "tasks_unlocked": [
    "Google Search"
  ]
}