{
  "elapsed_time": 101.52186083999999,
  "distance_meters": 190.62906343835996,
  "energy_kwh": 0.0004,
  "tasks_unlocked": []
}