{
  "elapsed_time": 11.487801737999689,
  "distance_meters": 84.80674934783876,
  "energy_kwh": 0.0002,
  "tasks_unlocked": []
}