{
  "elapsed_time": 32.62219260499842,
  "distance_meters": 205.29765363326538,
  "energy_kwh": 0.0008,
  "tasks_unlocked": []
}