{
  "elapsed_time": 120.15783312300118,
  "distance_meters": 403.8008824641355,
  "energy_kwh": 0.0012,
  "tasks_unlocked": []
}