{
  "elapsed_time": 48.93387607800105,
  "distance_meters": 10.10757992755687,
  "energy_kwh": 0.0,
  "tasks_unlocked": []
}