{
  "elapsed_time": 107.79807263700059,
  "distance_meters": 725.28951420635,
  "energy_kwh": 0.0021,
  "tasks_unlocked": [
    "Google Search"
  ]
}