{
  "elapsed_time": 40.059824343999935,
  "distance_meters": 311.0278260413699,
  "energy_kwh": 0.001,
  "tasks_unlocked": []
}