{
  "elapsed_time": 149.69993350200002,
  "distance_meters": 802.3271777319102,
  "energy_kwh": 0.0046,
  "tasks_unlocked": [
    "Google Search",
    "Image/Sound Recognition"
  ]
}