{
  "elapsed_time": 116.90977371400004,
  "distance_meters": 450.45857090837444,
  "energy_kwh": 0.0021,
  "tasks_unlocked": [
    "Google Search"
  ]
}