{
  "elapsed_time": 128.40649076499903,
  "distance_meters": 539.6858139395937,
  "energy_kwh": 0.0022,
  "tasks_unlocked": [
    "Google Search"
  ]
}