{
  "elapsed_time": 147.93073573799848,
  "distance_meters": 536.4487905528176,
  "energy_kwh": 0.0015,
  "tasks_unlocked": []
}