{
  "elapsed_time": 101.87854981999953,
  "distance_meters": 249.02298413777436,
  "energy_kwh": 0.0005,
  "tasks_unlocked": []
}