{
  "elapsed_time": 141.68125304899877,
  "distance_meters": 331.2099601624466,
  "energy_kwh": 0.001,
  "tasks_unlocked": []
}