{
  "elapsed_time": 56.55617257199992,
  "distance_meters": 347.43629898888696,
  "energy_kwh": 0.0014,
  "tasks_unlocked": []
}