{
  "elapsed_time": 84.71341528499943,
  "distance_meters": 152.0771632142565,
  "energy_kwh": 0.0012,
  "tasks_unlocked": []
}