{
  "elapsed_time": 31.808678022000095,
  "distance_meters": 220.7306120243183,
  "energy_kwh": 0.0006,
  "tasks_unlocked": []
}