{
  "elapsed_time": 52.112224806001905,
  "distance_meters": 132.83257328190228,
  "energy_kwh": 0.0005,
  "tasks_unlocked": []
}