{
  "elapsed_time": 11.682972814000095,
  "distance_meters": 89.19737310495084,
  "energy_kwh": 0.0003,
  "tasks_unlocked": []
}