{
  "elapsed_time": 7.0431558639993455,
  "distance_meters": 75.53930979838266,
  "energy_kwh": 0.0005,
  "tasks_unlocked": []
}