{
  "elapsed_time": 111.86152665200098,
  "distance_meters": 329.45542738917203,
  "energy_kwh": 0.0017,
  "tasks_unlocked": []
}