{
  "elapsed_time": 40.65599625899995,
  "distance_meters": 198.5732361758003,
  "energy_kwh": 0.0018,
  "tasks_unlocked": []
}