{
  "elapsed_time": 16.51253273399925,
  "distance_meters": 84.89353033913869,
  "energy_kwh": 0.0008,
  "tasks_unlocked": []
}