{
  "elapsed_time": 142.13722387000007,
  "distance_meters": 513.4168029621985,
  "energy_kwh": 0.0015,
  "tasks_unlocked": []
}