{
  "elapsed_time": 9.853941091998422,
  "distance_meters": 79.867404027004,
  "energy_kwh": 0.0015,
  "tasks_unlocked": []
}