{
  "elapsed_time": 10.892903328000102,
  "distance_meters": 47.70222924243657,
  "energy_kwh": 0.0002,
  "tasks_unlocked": []
}