{
  "elapsed_time": 178.29402039400156,
  "distance_meters": 1002.6781001628221,
  "energy_kwh": 0.0042,
  "tasks_unlocked": [
    "Google Search",
    "Image/Sound Recognition"
  ]
}