{
  "elapsed_time": 127.43209611400016,
  "distance_meters": 921.5136647726881,
  "energy_kwh": 0.0034,
  "tasks_unlocked": [
    "Google Search"
  ]
}