{
  "elapsed_time": 47.29658233000009,
  "distance_meters": 309.288133815006,
  "energy_kwh": 0.001,
  "tasks_unlocked": []
}