{
  "elapsed_time": 17.335764153000127,
  "distance_meters": 134.29939831711962,
  "energy_kwh": 0.0005,
  "tasks_unlocked": []
}