{
  "elapsed_time": 140.67805099500038,
  "distance_meters": 707.5360091789347,
  "energy_kwh": 0.0029,
  "tasks_unlocked": [
    "Google Search"
  ]
}