{
  "elapsed_time": 57.8302121200004,
  "distance_meters": 153.93504981311776,
  "energy_kwh": 0.0003,
  "tasks_unlocked": []
}