{
  "elapsed_time": 117.56305603200053,
  "distance_meters": 471.981594757299,
  "energy_kwh": 0.0019,
  "tasks_unlocked": []
}