{
  "elapsed_time": 136.045725881002,
  "distance_meters": 576.0923559248495,
  "energy_kwh": 0.0029,
  "tasks_unlocked": [
    "Google Search"
  ]
}