{
  "elapsed_time": 70.65366975900179,
  "distance_meters": 401.02304667914524,
  "energy_kwh": 0.0012,
  "tasks_unlocked": []
}