{
  "elapsed_time": 96.6157508010001,
  "distance_meters": 572.6821886048413,
  "energy_kwh": 0.0029,
  "tasks_unlocked": [
    "Google Search"
  ]
}