{
  "elapsed_time": 189.35199567299787,
  "distance_meters": 575.1597987954157,
  "energy_kwh": 0.0012,
  "tasks_unlocked": []
}