{
  "elapsed_time": 142.3749542430014,
  "distance_meters": 525.3672495681077,
  "energy_kwh": 0.0024,
  "tasks_unlocked": [
    "Google Search"
  ]
}