{
  "elapsed_time": 159.53410644799806,
  "distance_meters": 740.6657157809556,
  "energy_kwh": 0.0021,
  "tasks_unlocked": [
    "Google Search"
  ]
}