{
  "elapsed_time": 90.58082252199893,
  "distance_meters": 217.83219567262842,
  "energy_kwh": 0.0018,
  "tasks_unlocked": []
}