{
  "elapsed_time": 65.62725730500097,
  "distance_meters": 345.36165358201885,
  "energy_kwh": 0.002,
  "tasks_unlocked": [
    "Google Search"
  ]
}