{
  "elapsed_time": 164.01682942499974,
  "distance_meters": 845.436075195747,
  "energy_kwh": 0.003,
  "tasks_unlocked": [
    "Google Search"
  ]
}