{
  "elapsed_time": 22.745959136000238,
  "distance_meters": 162.52613053891008,
  "energy_kwh": 0.0005,
  "tasks_unlocked": []
}