{
  "elapsed_time": 120.38737797300018,
  "distance_meters": 1081.4888336415045,
  "energy_kwh": 0.0047,
  "tasks_unlocked": [
    "Google Search",
    "Image/Sound Recognition"
  ]
}