{
  "elapsed_time": 34.457426656999814,
  "distance_meters": 188.85995451480855,
  "energy_kwh": 0.0003,
  "tasks_unlocked": []
}