{
  "elapsed_time": 20.33974415700004,
  "distance_meters": 215.87997721420854,
  "energy_kwh": 0.0013,
  "tasks_unlocked": []
}