{
  "elapsed_time": 41.6737875029994,
  "distance_meters": 86.06201837156985,
  "energy_kwh": 0.0,
  "tasks_unlocked": []
}