{
  "elapsed_time": 25.973992107999948,
  "distance_meters": 178.30949199110975,
  "energy_kwh": 0.0005,
  "tasks_unlocked": []
}