{
  "elapsed_time": 42.26082270700135,
  "distance_meters": 247.59546726207694,
  "energy_kwh": 0.0008,
  "tasks_unlocked": []
}