{
  "elapsed_time": 38.03413148400068,
  "distance_meters": 314.7258581274771,
  "energy_kwh": 0.0016,
  "tasks_unlocked": []
}