{
  "elapsed_time": 9.457723045999956,
  "distance_meters": 62.95388201259141,
  "energy_kwh": 0.0002,
  "tasks_unlocked": []
}