{
  "elapsed_time": 28.41361605200109,
  "distance_meters": 42.865161014232065,
  "energy_kwh": 0.0002,
  "tasks_unlocked": []
}