{
  "elapsed_time": 21.954264764000982,
  "distance_meters": 11.850910550996558,
  "energy_kwh": 0.0,
  "tasks_unlocked": []
}