{
  "elapsed_time": 85.58744310199836,
  "distance_meters": 264.81477322956204,
  "energy_kwh": 0.0003,
  "tasks_unlocked": []
}