{
  "elapsed_time": 45.563983876003476,
  "distance_meters": 436.1719367775922,
  "energy_kwh": 0.0021,
  "tasks_unlocked": [
    "Google Search"
  ]
}