{
  "elapsed_time": 62.77828008999859,
  "distance_meters": 11.259468261726578,
  "energy_kwh": 0.0,
  "tasks_unlocked": []
}