{
  "elapsed_time": 62.08048055400104,
  "distance_meters": 293.570102017427,
  "energy_kwh": 0.0009,
  "tasks_unlocked": []
}