{
  "elapsed_time": 82.10908545899838,
  "distance_meters": 99.75135282000115,
  "energy_kwh": 0.0001,
  "tasks_unlocked": []
}