{
  "elapsed_time": 129.27413919100002,
  "distance_meters": 280.11261785101027,
  "energy_kwh": 0.0024,
  "tasks_unlocked": [
    "Google Search"
  ]
}