{
  "elapsed_time": 186.22752499700073,
  "distance_meters": 773.1798514287518,
  "energy_kwh": 0.0019,
  "tasks_unlocked": []
}