{
  "elapsed_time": 32.029903282000305,
  "distance_meters": 259.47855899994994,
  "energy_kwh": 0.0013,
  "tasks_unlocked": []
}