{
  "elapsed_time": 14.913950967998971,
  "distance_meters": 126.13139980755685,
  "energy_kwh": 0.0009,
  "tasks_unlocked": []
}