{
  "elapsed_time": 172.31660717200066,
  "distance_meters": 1193.3061526352917,
  "energy_kwh": 0.0032,
  "tasks_unlocked": [
    "Google Search"
  ]
}