{
  "elapsed_time": 124.59283039599904,
  "distance_meters": 492.38839795404476,
  "energy_kwh": 0.0016,
  "tasks_unlocked": []
}