{
  "elapsed_time": 97.4180095949996,
  "distance_meters": 448.19646173843296,
  "energy_kwh": 0.0016,
  "tasks_unlocked": []
}