{
  "elapsed_time": 7.6486424729991995,
  "distance_meters": 41.03412741817577,
  "energy_kwh": 0.0001,
  "tasks_unlocked": []
}