{
  "elapsed_time": 193.2047035530013,
  "distance_meters": 1232.0474006952174,
  "energy_kwh": 0.0031,
  "tasks_unlocked": [
    "Google Search"
  ]
}