{
  "elapsed_time": 122.49151154100036,
  "distance_meters": 455.68738514404964,
  "energy_kwh": 0.0018,
  "tasks_unlocked": []
}