{
  "elapsed_time": 39.469642955999916,
  "distance_meters": 383.5073663153891,
  "energy_kwh": 0.0019,
  "tasks_unlocked": []
}