{
  "elapsed_time": 101.65013883499978,
  "distance_meters": 444.68445101613116,
  "energy_kwh": 0.0022,
  "tasks_unlocked": [
    "Google Search"
  ]
}