{
  "elapsed_time": 38.632761338998534,
  "distance_meters": 378.17999980319644,
  "energy_kwh": 0.0022,
  "tasks_unlocked": [
    "Google Search"
  ]
}