{
  "elapsed_time": 65.59919735100266,
  "distance_meters": 414.72504665834526,
  "energy_kwh": 0.0009,
  "tasks_unlocked": []
}