{
  "elapsed_time": 37.01999273900037,
  "distance_meters": 245.69895767757055,
  "energy_kwh": 0.0009,
  "tasks_unlocked": []
}