{
  "elapsed_time": 61.67687544499995,
  "distance_meters": 342.52694548568996,
  "energy_kwh": 0.0011,
  "tasks_unlocked": []
}