{
  "elapsed_time": 47.53116198200041,
  "distance_meters": 385.43918818060195,
  "energy_kwh": 0.0016,
  "tasks_unlocked": []
}