{
  "elapsed_time": 105.2619766429998,
  "distance_meters": 320.426095625249,
  "energy_kwh": 0.0008,
  "tasks_unlocked": []
}