{
  "elapsed_time": 281.21860226699937,
  "distance_meters": 1302.0881774520085,
  "energy_kwh": 0.0054,
  "tasks_unlocked": [
    "Google Search",
    "Image/Sound Recognition"
  ]
}