{
  "elapsed_time": 183.37536517300032,
  "distance_meters": 1409.7328497697638,
  "energy_kwh": 0.0055,
  "tasks_unlocked": [
    "Google Search",
    "Image/Sound Recognition"
  ]
}