{
  "elapsed_time": 54.54217486299967,
  "distance_meters": 339.06645169251766,
  "energy_kwh": 0.0007,
  "tasks_unlocked": []
}