{
  "elapsed_time": 9.263485639999999,
  "distance_meters": 23.774886912389245,
  "energy_kwh": 0.0,
  "tasks_unlocked": []
}