{
  "elapsed_time": 40.27421673400022,
  "distance_meters": 189.84135064586133,
  "energy_kwh": 0.0011,
  "tasks_unlocked": []
}