{
  "elapsed_time": 72.05396486400059,
  "distance_meters": 146.9727210105464,
  "energy_kwh": 0.0003,
  "tasks_unlocked": []
}