{
  "elapsed_time": 79.32083775399951,
  "distance_meters": 422.2920804920321,
  "energy_kwh": 0.0013,
  "tasks_unlocked": []
}