{
  "elapsed_time": 89.17353310799808,
  "distance_meters": 419.14053259986844,
  "energy_kwh": 0.0011,
  "tasks_unlocked": []
}