{
  "elapsed_time": 126.17045246599992,
  "distance_meters": 229.41898492565156,
  "energy_kwh": 0.0003,
  "tasks_unlocked": []
}