{
  "elapsed_time": 115.02320356500059,
  "distance_meters": 323.3165003700951,
  "energy_kwh": 0.0033,
  "tasks_unlocked": [
    "Google Search"
  ]
}