{
  "elapsed_time": 129.50817269500112,
  "distance_meters": 411.2709632358426,
  "energy_kwh": 0.0012,
  "tasks_unlocked": []
}