{
  "elapsed_time": 24.57556238399775,
  "distance_meters": 107.16933132098693,
  "energy_kwh": 0.0006,
  "tasks_unlocked": []
}