{
  "elapsed_time": 32.02454554200085,
  "distance_meters": 211.94659322598446,
  "energy_kwh": 0.0008,
  "tasks_unlocked": []
}