{
  "elapsed_time": 97.92992195700026,
  "distance_meters": 386.30057157489847,
  "energy_kwh": 0.0006,
  "tasks_unlocked": []
}