{
  "elapsed_time": 26.967261278001388,
  "distance_meters": 207.6157783445556,
  "energy_kwh": 0.0011,
  "tasks_unlocked": []
}