{
  "elapsed_time": 160.09100130500156,
  "distance_meters": 399.54801248353874,
  "energy_kwh": 0.0008,
  "tasks_unlocked": []
}