{
  "elapsed_time": 145.55202583500068,
  "distance_meters": 410.93426325416294,
  "energy_kwh": 0.0009,
  "tasks_unlocked": []
}