{
  "elapsed_time": 186.39436205700076,
  "distance_meters": 919.4752184862168,
  "energy_kwh": 0.0043,
  "tasks_unlocked": [
    "Google Search",
    "Image/Sound Recognition"
  ]
}