{
  "elapsed_time": 151.55312212900026,
  "distance_meters": 491.7383666494517,
  "energy_kwh": 0.0012,
  "tasks_unlocked": []
}