{
  "elapsed_time": 234.26534453500062,
  "distance_meters": 883.7858411633761,
  "energy_kwh": 0.0034,
  "tasks_unlocked": [
    "Google Search"
  ]
}