{
  "elapsed_time": 77.99646172300027,
  "distance_meters": 99.72917105209069,
  "energy_kwh": 0.0008,
  "tasks_unlocked": []
}