{
  "elapsed_time": 166.44405335599959,
  "distance_meters": 489.7142902399013,
  "energy_kwh": 0.0022,
  "tasks_unlocked": [
    "Google Search"
  ]
}