{
  "elapsed_time": 135.48678890899828,
  "distance_meters": 575.0122324123979,
  "energy_kwh": 0.0025,
  "tasks_unlocked": [
    "Google Search"
  ]
}