{
  "elapsed_time": 103.83348691900028,
  "distance_meters": 507.2552583670939,
  "energy_kwh": 0.0017,
  "tasks_unlocked": []
}