{
  "elapsed_time": 170.28621767300046,
  "distance_meters": 703.1980541700777,
  "energy_kwh": 0.0014,
  "tasks_unlocked": []
}