{
  "elapsed_time": 39.61674252299963,
  "distance_meters": 310.04860870405287,
  "energy_kwh": 0.0013,
  "tasks_unlocked": []
}