{
  "elapsed_time": 131.38069812200047,
  "distance_meters": 938.6119269551596,
  "energy_kwh": 0.0028,
  "tasks_unlocked": [
    "Google Search"
  ]
}