{
  "elapsed_time": 7.690047575999415,
  "distance_meters": 91.30128274472143,
  "energy_kwh": 0.0008,
  "tasks_unlocked": []
}