{
  "elapsed_time": 366.4482464569992,
  "distance_meters": 483.6384850269757,
  "energy_kwh": 0.0026,
  "tasks_unlocked": [
    "Google Search"
  ]
}