{
  "elapsed_time": 556.1877638359983,
  "distance_meters": 2279.50831461005,
  "energy_kwh": 0.0038,
  "tasks_unlocked": [
    "Google Search"
  ]
}