{
  "elapsed_time": 95.67615712200131,
  "distance_meters": 198.3499557672942,
  "energy_kwh": 0.0003,
  "tasks_unlocked": []
}