{
  "elapsed_time": 8.264920952000466,
  "distance_meters": 24.82596115980168,
  "energy_kwh": 0.0001,
  "tasks_unlocked": []
}