{
  "elapsed_time": 135.68201069599672,
  "distance_meters": 254.62180401495118,
  "energy_kwh": 0.001,
  "tasks_unlocked": []
}