{
  "elapsed_time": 72.64247694399819,
  "distance_meters": 465.23903731482324,
  "energy_kwh": 0.0015,
  "tasks_unlocked": []
}