{
  "elapsed_time": 119.35971896799992,
  "distance_meters": 192.73908692557998,
  "energy_kwh": 0.0007,
  "tasks_unlocked": []
}