{
  "elapsed_time": 54.33342392600025,
  "distance_meters": 145.31056326942337,
  "energy_kwh": 0.0005,
  "tasks_unlocked": []
}