{
  "elapsed_time": 87.71886252299919,
  "distance_meters": 386.4033609846791,
  "energy_kwh": 0.0017,
  "tasks_unlocked": []
}