{
  "elapsed_time": 14.68728641799953,
  "distance_meters": 0.8043931195195182,
  "energy_kwh": 0.0,
  "tasks_unlocked": []
}