{
  "elapsed_time": 119.70522205599991,
  "distance_meters": 479.8463351629642,
  "energy_kwh": 0.0036,
  "tasks_unlocked": [
    "Google Search"
  ]
}