{
  "elapsed_time": 78.68103214899747,
  "distance_meters": 503.7992111757118,
  "energy_kwh": 0.0013,
  "tasks_unlocked": []
}