{
  "elapsed_time": 153.2060207659997,
  "distance_meters": 679.6617086801248,
  "energy_kwh": 0.0025,
  "tasks_unlocked": [
    "Google Search"
  ]
}