{
  "elapsed_time": 23.15761707999991,
  "distance_meters": 153.4456454394236,
  "energy_kwh": 0.0004,
  "tasks_unlocked": []
}