{
  "elapsed_time": 38.44811539500006,
  "distance_meters": 375.8615013716504,
  "energy_kwh": 0.002,
  "tasks_unlocked": [
    "Google Search"
  ]
}