{
  "elapsed_time": 105.22125995299939,
  "distance_meters": 230.8254713577191,
  "energy_kwh": 0.001,
  "tasks_unlocked": []
}