{
  "elapsed_time": 43.065068571999745,
  "distance_meters": 207.41011027860353,
  "energy_kwh": 0.0012,
  "tasks_unlocked": []
}