{
  "elapsed_time": 264.4521771590007,
  "distance_meters": 1470.5623795427466,
  "energy_kwh": 0.0043,
  "tasks_unlocked": [
    "Google Search",
    "Image/Sound Recognition"
  ]
}