{
  "elapsed_time": 69.75696697499984,
  "distance_meters": 301.15324592887964,
  "energy_kwh": 0.0015,
  "tasks_unlocked": []
}