{
  "elapsed_time": 113.3217487779998,
  "distance_meters": 377.8660479575881,
  "energy_kwh": 0.0015,
  "tasks_unlocked": []
}