{
  "elapsed_time": 166.42708595299996,
  "distance_meters": 197.4547888121799,
  "energy_kwh": 0.0001,
  "tasks_unlocked": []
}