{
  "elapsed_time": 21.119287401001202,
  "distance_meters": 19.168461016338444,
  "energy_kwh": 0.0,
  "tasks_unlocked": []
}