{
  "elapsed_time": 117.74603509400185,
  "distance_meters": 354.8702752758637,
  "energy_kwh": 0.0023,
  "tasks_unlocked": [
    "Google Search"
  ]
}