{
  "elapsed_time": 33.80174772100145,
  "distance_meters": 286.68229541409045,
  "energy_kwh": 0.0017,
  "tasks_unlocked": []
}