{
  "elapsed_time": 79.12859743900117,
  "distance_meters": 130.96820811363384,
  "energy_kwh": 0.0005,
  "tasks_unlocked": []
}