{
  "elapsed_time": 167.22451136900054,
  "distance_meters": 997.6227165231273,
  "energy_kwh": 0.0049,
  "tasks_unlocked": [
    "Google Search",
    "Image/Sound Recognition"
  ]
}