{
  "elapsed_time": 15.918163244001335,
  "distance_meters": 155.44794305962066,
  "energy_kwh": 0.001,
  "tasks_unlocked": []
}