{
  "elapsed_time": 24.380992302998493,
  "distance_meters": 113.28088043523532,
  "energy_kwh": 0.0007,
  "tasks_unlocked": []
}