{
  "elapsed_time": 54.55874183999913,
  "distance_meters": 512.8833540812484,
  "energy_kwh": 0.0031,
  "tasks_unlocked": [
    "Google Search"
  ]
}