{
  "elapsed_time": 135.49229755899978,
  "distance_meters": 621.3805573528005,
  "energy_kwh": 0.0023,
  "tasks_unlocked": [
    "Google Search"
  ]
}