{
  "elapsed_time": 30.58626345399989,
  "distance_meters": 154.37881158495998,
  "energy_kwh": 0.0004,
  "tasks_unlocked": []
}