{
  "elapsed_time": 92.96855380099987,
  "distance_meters": 490.6401553182736,
  "energy_kwh": 0.0015,
  "tasks_unlocked": []
}