{
  "elapsed_time": 69.83995697200226,
  "distance_meters": 710.541308999534,
  "energy_kwh": 0.0038,
  "tasks_unlocked": [
    "Google Search"
  ]
}