{
  "elapsed_time": 53.924086478999925,
  "distance_meters": 427.67123813044407,
  "energy_kwh": 0.0018,
  "tasks_unlocked": []
}