{
  "elapsed_time": 159.61255346899998,
  "distance_meters": 172.75829634805342,
  "energy_kwh": 0.0003,
  "tasks_unlocked": []
}