{
  "elapsed_time": 43.034673348998695,
  "distance_meters": 278.6698608940913,
  "energy_kwh": 0.0008,
  "tasks_unlocked": []
}