{
  "elapsed_time": 31.829370753999683,
  "distance_meters": 130.95157377654257,
  "energy_kwh": 0.0008,
  "tasks_unlocked": []
}