{
  "elapsed_time": 20.534814239003026,
  "distance_meters": 122.0974704246578,
  "energy_kwh": 0.0004,
  "tasks_unlocked": []
}