{
  "elapsed_time": 113.24332751700058,
  "distance_meters": 331.5803992418478,
  "energy_kwh": 0.0027,
  "tasks_unlocked": [
    "Google Search"
  ]
}