{
  "elapsed_time": 111.95534141100143,
  "distance_meters": 687.7824336413256,
  "energy_kwh": 0.0014,
  "tasks_unlocked": []
}