{
  "elapsed_time": 107.00807063600041,
  "distance_meters": 251.93761426947046,
  "energy_kwh": 0.0009,
  "tasks_unlocked": []
}