{
  "elapsed_time": 43.48269046299902,
  "distance_meters": 380.35924704379966,
  "energy_kwh": 0.0016,
  "tasks_unlocked": []
}