{
  "elapsed_time": 131.00531488900015,
  "distance_meters": 365.2874898223411,
  "energy_kwh": 0.0021,
  "tasks_unlocked": [
    "Google Search"
  ]
}