{
  "elapsed_time": 83.98208419399998,
  "distance_meters": 501.69225257763304,
  "energy_kwh": 0.002,
  "tasks_unlocked": []
}