{
  "elapsed_time": 41.94441237000137,
  "distance_meters": 178.64867836279805,
  "energy_kwh": 0.0013,
  "tasks_unlocked": []
}