{
  "elapsed_time": 89.8472010459991,
  "distance_meters": 263.0594536367391,
  "energy_kwh": 0.0021,
  "tasks_unlocked": [
    "Google Search"
  ]
}