{
  "elapsed_time": 24.20547285700013,
  "distance_meters": 188.07740755778002,
  "energy_kwh": 0.0011,
  "tasks_unlocked": []
}