{
  "elapsed_time": 106.42670978800015,
  "distance_meters": 210.17227312187413,
  "energy_kwh": 0.0018,
  "tasks_unlocked": []
}