{
  "elapsed_time": 84.64910458799932,
  "distance_meters": 583.0071701895156,
  "energy_kwh": 0.0027,
  "tasks_unlocked": [
    "Google Search"
  ]
}