{
  "elapsed_time": 93.67424988499988,
  "distance_meters": 216.1618825771916,
  "energy_kwh": 0.0007,
  "tasks_unlocked": []
}