{
  "elapsed_time": 134.50959375899765,
  "distance_meters": 1055.157036174043,
  "energy_kwh": 0.0042,
  "tasks_unlocked": [
    "Google Search",
    "Image/Sound Recognition"
  ]
}