{
  "elapsed_time": 403.2861765970001,
  "distance_meters": 1037.6714959537633,
  "energy_kwh": 0.0023,
  "tasks_unlocked": [
    "Google Search"
  ]
}