{
  "elapsed_time": 124.84140742700038,
  "distance_meters": 376.49202752547177,
  "energy_kwh": 0.0008,
  "tasks_unlocked": []
}