{
  "elapsed_time": 22.128514574997098,
  "distance_meters": 181.90375378813903,
  "energy_kwh": 0.0007,
  "tasks_unlocked": []
}