{
  "elapsed_time": 90.54395632300111,
  "distance_meters": 194.77985039314362,
  "energy_kwh": 0.0006,
  "tasks_unlocked": []
}