{
  "elapsed_time": 33.83845613200174,
  "distance_meters": 269.9664701041508,
  "energy_kwh": 0.0014,
  "tasks_unlocked": []
}