{
  "elapsed_time": 121.02639480499784,
  "distance_meters": 492.65124290683735,
  "energy_kwh": 0.0021,
  "tasks_unlocked": [
    "Google Search"
  ]
}