{
  "elapsed_time": 7.051992186999996,
  "distance_meters": 76.17627473442204,
  "energy_kwh": 0.0005,
  "tasks_unlocked": []
}