{
  "elapsed_time": 80.88422704099867,
  "distance_meters": 158.19845675165996,
  "energy_kwh": 0.0007,
  "tasks_unlocked": []
}