{
  "elapsed_time": 204.7986523919999,
  "distance_meters": 350.012040128194,
  "energy_kwh": 0.0022,
  "tasks_unlocked": [
    "Google Search"
  ]
}