{
  "elapsed_time": 181.3688942940007,
  "distance_meters": 675.5885232461591,
  "energy_kwh": 0.003,
  "tasks_unlocked": [
    "Google Search"
  ]
}