{
  "elapsed_time": 95.57579414000065,
  "distance_meters": 262.4618933444915,
  "energy_kwh": 0.0008,
  "tasks_unlocked": []
}