{
  "elapsed_time": 188.52834382799847,
  "distance_meters": 761.3493967977937,
  "energy_kwh": 0.0033,
  "tasks_unlocked": [
    "Google Search"
  ]
}