{
  "elapsed_time": 165.6535252419999,
  "distance_meters": 868.0103458699989,
  "energy_kwh": 0.0035,
  "tasks_unlocked": [
    "Google Search"
  ]
}