{
  "elapsed_time": 301.3792387860012,
  "distance_meters": 973.6461672814696,
  "energy_kwh": 0.0023,
  "tasks_unlocked": [
    "Google Search"
  ]
}