{
  "elapsed_time": 55.555505681000795,
  "distance_meters": 345.01225021446345,
  "energy_kwh": 0.0017,
  "tasks_unlocked": []
}