{
  "elapsed_time": 92.08243029899677,
  "distance_meters": 156.39773756993037,
  "energy_kwh": 0.0019,
  "tasks_unlocked": []
}