{
  "elapsed_time": 74.65657442199881,
  "distance_meters": 29.4669786093909,
  "energy_kwh": 0.0,
  "tasks_unlocked": []
}