{
  "elapsed_time": 23.56953264799995,
  "distance_meters": 160.01910576519677,
  "energy_kwh": 0.0008,
  "tasks_unlocked": []
}