{
  "elapsed_time": 73.89714069200272,
  "distance_meters": 533.8380514666355,
  "energy_kwh": 0.0016,
  "tasks_unlocked": []
}