{
  "elapsed_time": 43.293471128999954,
  "distance_meters": 218.08996304079872,
  "energy_kwh": 0.0011,
  "tasks_unlocked": []
}