{
  "elapsed_time": 48.51150156600124,
  "distance_meters": 134.66138119807272,
  "energy_kwh": 0.0008,
  "tasks_unlocked": []
}