{
  "elapsed_time": 110.7166936020003,
  "distance_meters": 560.1865708002197,
  "energy_kwh": 0.0009,
  "tasks_unlocked": []
}