{
  "elapsed_time": 119.27377879599953,
  "distance_meters": 494.87863193602925,
  "energy_kwh": 0.002,
  "tasks_unlocked": []
}