{
  "elapsed_time": 108.5104199769994,
  "distance_meters": 362.9548109728151,
  "energy_kwh": 0.0007,
  "tasks_unlocked": []
}