{
  "elapsed_time": 20.130460620999656,
  "distance_meters": 78.24626514981553,
  "energy_kwh": 0.0009,
  "tasks_unlocked": []
}