{
  "elapsed_time": 106.96440534499925,
  "distance_meters": 346.2364669854849,
  "energy_kwh": 0.0003,
  "tasks_unlocked": []
}