{
  "elapsed_time": 31.434175956997933,
  "distance_meters": 113.57516374525807,
  "energy_kwh": 0.0019,
  "tasks_unlocked": []
}