{
  "elapsed_time": 111.77848118499969,
  "distance_meters": 138.9757837181012,
  "energy_kwh": 0.0003,
  "tasks_unlocked": []
}