{
  "elapsed_time": 502.23229906800043,
  "distance_meters": 1434.7978042644145,
  "energy_kwh": 0.0025,
  "tasks_unlocked": [
    "Google Search"
  ]
}