{
  "elapsed_time": 389.95391372799986,
  "distance_meters": 2055.5261998764636,
  "energy_kwh": 0.0041,
  "tasks_unlocked": [
    "Google Search",
    "Image/Sound Recognition"
  ]
}