{
  "elapsed_time": 174.06931659399993,
  "distance_meters": 717.6940614624997,
  "energy_kwh": 0.0021,
  "tasks_unlocked": [
    "Google Search"
  ]
}