{
  "elapsed_time": 88.39276040500044,
  "distance_meters": 242.32054480001204,
  "energy_kwh": 0.001,
  "tasks_unlocked": []
}