{
  "elapsed_time": 50.124041963999844,
  "distance_meters": 388.5951495431371,
  "energy_kwh": 0.0015,
  "tasks_unlocked": []
}