{
  "elapsed_time": 136.24797431499974,
  "distance_meters": 365.6960846417095,
  "energy_kwh": 0.0015,
  "tasks_unlocked": []
}