{
  "elapsed_time": 18.115733821999996,
  "distance_meters": 112.98285977909994,
  "energy_kwh": 0.0004,
  "tasks_unlocked": []
}