{
  "elapsed_time": 114.134624411,
  "distance_meters": 403.2069269425481,
  "energy_kwh": 0.0013,
  "tasks_unlocked": []
}