{
  "elapsed_time": 75.27307242400093,
  "distance_meters": 399.42858791803565,
  "energy_kwh": 0.0008,
  "tasks_unlocked": []
}