{
  "elapsed_time": 156.47921693299986,
  "distance_meters": 697.8663585161983,
  "energy_kwh": 0.0028,
  "tasks_unlocked": [
    "Google Search"
  ]
}