{
  "elapsed_time": 262.5782425130001,
  "distance_meters": 400.5132454711002,
  "energy_kwh": 0.0008,
  "tasks_unlocked": []
}