{
  "elapsed_time": 30.192303184001503,
  "distance_meters": 244.67209026539382,
  "energy_kwh": 0.0011,
  "tasks_unlocked": []
}