{
  "elapsed_time": 78.24342915800025,
  "distance_meters": 362.22931719826823,
  "energy_kwh": 0.0025,
  "tasks_unlocked": [
    "Google Search"
  ]
}