{
  "elapsed_time": 46.32116232299995,
  "distance_meters": 279.85392417743054,
  "energy_kwh": 0.0005,
  "tasks_unlocked": []
}