{
  "elapsed_time": 152.59456840200073,
  "distance_meters": 1068.1560511586283,
  "energy_kwh": 0.0034,
  "tasks_unlocked": [
    "Google Search"
  ]
}