{
  "elapsed_time": 149.76892725499783,
  "distance_meters": 779.5163767476826,
  "energy_kwh": 0.0057,
  "tasks_unlocked": [
    "Google Search",
    "Image/Sound Recognition"
  ]
}