{
  "elapsed_time": 9.66100789900156,
  "distance_meters": 28.906630088846086,
  "energy_kwh": 0.0,
  "tasks_unlocked": []
}