{
  "elapsed_time": 142.5905323370007,
  "distance_meters": 740.1830960926889,
  "energy_kwh": 0.0031,
  "tasks_unlocked": [
    "Google Search"
  ]
}