{
  "elapsed_time": 88.16304686200056,
  "distance_meters": 539.9437709896882,
  "energy_kwh": 0.0015,
  "tasks_unlocked": []
}