{
  "elapsed_time": 34.81574442299825,
  "distance_meters": 172.9018822161261,
  "energy_kwh": 0.0006,
  "tasks_unlocked": []
}