{
  "elapsed_time": 45.69029514200156,
  "distance_meters": 156.90033356133884,
  "energy_kwh": 0.0004,
  "tasks_unlocked": []
}