{
  "elapsed_time": 28.153244459001144,
  "distance_meters": 82.13178195180443,
  "energy_kwh": 0.0006,
  "tasks_unlocked": []
}