{
  "elapsed_time": 153.55479105300037,
  "distance_meters": 532.1099844501938,
  "energy_kwh": 0.0016,
  "tasks_unlocked": []
}