{
  "elapsed_time": 89.2968200869982,
  "distance_meters": 126.12187166317706,
  "energy_kwh": 0.0008,
  "tasks_unlocked": []
}