{
  "elapsed_time": 94.17727197700151,
  "distance_meters": 175.69785840555923,
  "energy_kwh": 0.0005,
  "tasks_unlocked": []
}