{
  "elapsed_time": 105.88551489199926,
  "distance_meters": 510.25077144656535,
  "energy_kwh": 0.0025,
  "tasks_unlocked": [
    "Google Search"
  ]
}