{
  "elapsed_time": 34.21309835299871,
  "distance_meters": 193.43332731742055,
  "energy_kwh": 0.0005,
  "tasks_unlocked": []
}