{
  "elapsed_time": 69.64334210300058,
  "distance_meters": 275.0628835106611,
  "energy_kwh": 0.0004,
  "tasks_unlocked": []
}