{
  "elapsed_time": 250.58445103199847,
  "distance_meters": 1373.5293519534034,
  "energy_kwh": 0.0043,
  "tasks_unlocked": [
    "Google Search",
    "Image/Sound Recognition"
  ]
}