{
  "elapsed_time": 131.237147799,
  "distance_meters": 1000.4339457645783,
  "energy_kwh": 0.0035,
  "tasks_unlocked": [
    "Google Search"
  ]
}