{
  "elapsed_time": 93.19095005100098,
  "distance_meters": 669.6158968208817,
  "energy_kwh": 0.003,
  "tasks_unlocked": [
    "Google Search"
  ]
}