{
  "elapsed_time": 304.84817025099983,
  "distance_meters": 1801.8097971205016,
  "energy_kwh": 0.0047,
  "tasks_unlocked": [
    "Google Search",
    "Image/Sound Recognition"
  ]
}